article,summary
"काठमाडौँ । आज एकै पटक तीन वटा संसदीय समितिको बैठक बस्दैछ । जसअन्तर्गत आज कानुन, न्याय तथा मानव अधिकार समितिको बैठक बस्दैछ । बैठक आज बिहान साढे ११ बजे बस्नेछ ।  आजको बैठकमा केही नेपाल ऐनलाई संशोधन गर्न बनेको विधेयकको सम्बन्धमा प्रधानमन्त्री तथा मन्त्रिपरिषद्को कार्यालय, अर्थ मन्त्रालय, उद्योग मन्त्रालय र कृषि तथा पशुपंक्षी विकास मन्त्रालयसँग सम्बन्धित संशोधन प्रस्तावकर्ता सदस्यहरूसँग छलफल हुनेछ ।  त्यस्तै बिहान ११ बजे बस्ने शिक्षा, स्वास्थ्य तथा सूचना प्रविधि समितिको बैठकमा नेपाल शिक्षक महासङ्घसँग विद्यालय शिक्षा सम्बन्धी कानुनलाई संशोधन र एकीकरण गर्न बनेको विधेयकका सम्बन्धमा छलफल हुनेछ ।  त्यस्तै दिउँसो साढे १ बजे बस्ने सार्वजनिक लेखा समितिको बैठकमा समितिगत विषयमा छलफल हुनेछ ।","आज तीनवटा संसदीय समितिको बैठक बस्दैछ। कानून, न्याय तथा मानव अधिकार समितिले केही नेपाल ऐन संशोधनसँग सम्बन्धित विधेयकमा छलफल गर्नेछ। शिक्षा समितिले नेपाल शिक्षक महासंघसँग विद्यालय शिक्षासम्बन्धी कानून संशोधन विधेयकबारे छलफल गर्नेछ। सार्वजनिक लेखा समितिको बैठकले समितिगत विषयमा छलफल गर्नेछ।"
बनियानी  । झापाको शिवसताक्षी नगरपालिका–१ स्थित धरमपुर चोकमा इतिहास एवं भाषाविद्  इमानसिंह चेम्जोङको सालिक निर्माण गरिएको छ । रु १५ लाख ६० हजार नौ सय ६६ को लागतमा सालिक निर्माण स्थल सहितको संरचनामा निर्माण गरिएको निर्माण समितिका संयोजक देउबहादुर चेम्जोङले जानकारी दिए । यसका लागि दाताहरुबाट रु २१ लाख ५२ हजार दुई सय ५६ सङ्कलन गरिएको र रु छ लाख ३१ हजार दुई सय ९० बचत समेत भएको संयोजक चेम्जोङले बताए । हाल पठनपाठन हुँदै आएको किराँत भाषा र लिपिको विकास एवं विस्तारमा इमानसिंह को योगदान उच्च रहेको छ । तस्बिर चित्राङ्कित हुलाक टिकट प्रकाशन गरी सरकारले उनलाई राष्ट्रिय प्रतिभाका रूपमा मान्यता दिएको छ । यसैबिच स्व चेम्जोङको एक सय २१औँ  जन्मजयन्तीका अवसरमा शिवसताक्षी नगरपालिकाका प्रमुख मेघाहाङ थोप्राले उक्त सालिक अनावरणसमेत गरेका छन् ।,"झापा, बनियानीमा इतिहास एवं भाषाविद् इमानसिंह चेम्जोङको सालिक निर्माण गरिएको छ। रु १५ लाख ६० हजार लागतमा सालिक तथा संरचना निर्माण गरिएको हो। किराँत भाषा तथा लिपि विकासमा योगदान पुर्‍याउनुभएका इमानसिंहलाई सरकारले राष्ट्रिय प्रतिभाको रूपमा मान्यता दिएको छ। उनको १२१ औं जन्मजयन्तिका अवसरमा सालिक अनावरण गरिएको हो।"
"कीर्तिपुर । जनसङ्ख्याविद्ले बढ्दो जनसाङ्खिक असन्तुलन र आप्रवासनका भविष्यमा उत्पन्न हुने समस्या निराकरण गर्न जनगणनाका परिसूचकको वैज्ञानिक र व्यवस्थित अध्ययन गर्नुपर्ने बताएका छन् ।  त्रिभुवन विश्वविद्यालय, जनसङ्ख्या शिक्षा केन्द्रीय विभागद्वारा मङ्गलबार आयोजित सञ्चारकर्मीसंगको छलफलमा उनीहरुले देश जनसङ्ख्याको उतारचढावअनुरुप विकासका योजनाहरु बनाउन सबै क्षेत्रका कर्मचारीसंग जनसङ्ख्यासम्बन्धी ज्ञान हुनुपर्ने र विश्वविद्यालयबाट विषयविज्ञ उत्पादन गर्नुपर्नेमा जोड दिएका थिए ।  कार्यक्रममा विभागका प्रमुख प्राध्यापक डा योगेन्द्र गुरुङले विगतमा जनसङ्ख्या नियन्त्रणलाई प्रमुख नीति बनाउँदै आएको नेपालमा जन्मदर कूल जनसङ्ख्याको एक प्रतिशतबाट तल झरेपछि जनसङ्ख्या व्यवस्थापनतर्फ जानुपर्ने भएको उल्लेख गरे । उनले भने “एकातर्फ सात प्रतिशत पुगेको ज्येष्ठ नागरिकको सामाजिक सुरक्षाका लागि रणनीति बनाउनुपर्ने छभने अर्कोतर्फ २८ प्रतिशत बालबालिकाको भविष्यका लागि सोच्नुपर्ने अवस्था छ । देशको आर्थिक सामाजिक र राजनीतिक नीतिनिर्माणका लागि जनसङ्ख्याको अध्ययन आवश्यक छ । ”  विभागका सहप्राध्यापक डा पद्मप्रसाद खतिवडाले विगतमा एक सन्तान नीति लिएको छिमेकी राष्ट्र चीनले सन् २०२१ मा आइपुग्दा ‘एक दम्पती, तीन सन्तान’लाई प्रोत्साहन गरेकोबाट नेपालले पनि शिक्षा लिनुपर्ने बताउनुभयो ।  युवा र दक्ष जनशक्ति बाहिरिने क्रम तीव्र बढ्नु र जनसङ्ख्यामा आएको उतारचढावका कारण जनसङ्ख्या शिक्षाको महत्व थप वृद्धि भएको डा खतिवडाले बताए । यसैलाई दृष्टिगत गरी विभागले यस वर्षदेखि पाँचजना विद्यार्थीलाई छात्रवृत्ति, राष्ट्रिय तथा अन्तर्राष्ट्रिय प्रतिवेदन तयारी र अनुसन्धान कार्यक्रममा सहभागिताको अवसरसमेत विद्यार्थीलाई दिइने जानकारी पनि उनले दिए ।  विभागले आप्रवासी सम्बन्धी अन्तर्राष्ट्रिय संस्थाको सहकार्यमा जनसङ्ख्या विषयका अध्येताहरु, सरकारी कमर्चारी र कूटनीतिक क्षेत्रमा क्रियाशीलहरुलाई समेत लक्षित गरी दुईहप्ते सघन तालिमसमेत सञ्चालन गरिरहेको जानकारी पनि कार्यक्रममा दिइयो ।  त्रिभुवन विश्वविद्यालयको मानविकी तथा सामाजिकशास्त्र सङ्कायअन्तर्गत २०४५ सालमा स्थापना जनसङ्ख्या केन्द्रीय विभागबाट हालसम्म दुई हजार तीन सयभन्दा बढी स्नातकोत्तर, एक सय ८२ एमफिल तथा १९ जनाले विद्यावारिधि हासिल गरेको जानकारीसमेत कार्यक्रममा दिइयो । विभागले   स्वास्थ्य तथा जनसङ्ख्या मन्त्रालय, वातावरण मन्त्रालय, राष्ट्रिय तथ्याङ्क कार्यालय, श्रम रोजगार तथा सामाजिक सुरक्षा मन्त्रालय र राष्ट्रिय योजना आयोगसँग सहकार्य गरिरहेको जानकारी पनि डा खतिवडाले दिए ।  कार्यक्रममा विभागका सहप्राध्यापक बालकृष्ण माबोहाङले जनसङ्ख्यासम्बन्धी विज्ञ आवश्यक सङ्ख्यामा उत्पादन गर्न सकिए देशमा कस्तो जनशक्ति कति मात्रामा आवश्यक हुन्छ र कुन कुरालाई प्राथमिकता दिनुपर्छ र कुन कामका लागि कति स्रोत आवश्यक पर्छ भन्नेजस्ता प्रश्नमा हचुवाको भर पर्नु नपर्ने बताए ।",त्रिभुवन विश्वविद्यालय जनसङ्ख्या शिक्षा विभागले आयोजना गरेको छलफल कार्यक्रममा जनसङ्ख्याविद्हरूले देशको बढ्दो जनसाङ्खिक असन्तुलन र आप्रवासनजन्य समस्या समाधानका लागि जनगणना परिसूचकको वैज्ञानिक अध्ययन आवश्यक रहेको बताए। उनीहरूका अनुसार देशको जनसङ्ख्या अनुरूपका विकास योजना बनाउन सबै क्षेत्रका कर्मचारीलाई जनसङ्ख्यासम्बन्धी ज्ञान हुनुपर्नेमा जोड दिए। साथै विश्वविद्यालयबाट जनसङ्ख्या विषयका विज्ञ उत्पादन हुनुपर्नेमा पनि उनीहरूले जोड दिएका थिए।
"झापा । मेचीनगर–११ कालिका टोलकी ४२ वर्षीया सङ्गीता निरौला गहिरो निन्द्रामा थिइन् । ‘हात्तीले घरमा आक्रमण गर्यो भाग् भाग्’ भनेर गाउँलेले चर्को आवाजले चिच्याएको सुनेपछि ब्युँझिएर पति मेघनाथ निरौलालाई डोर्याउँदै उनी कोठाबाट बाहिर निस्किइन् । कोठाबाट आँगन छिचोल्न नपाउँदै निरौला दम्पतीलाई जङ्गली हात्तीले आक्रमण गर्यो । सङ्गीताका पति मेघनाथ दुईवटै आँखा देख्दैनन् । हात्तीले दुवैलाई सुँढले बेरेर पछार्यो । भुइँमा ढलेका दम्पती बेहोस भए । हात्ती हिँडेपछि गाउँलेले नजिकको मेची आम्दा अस्पतालमा उपचारका लागि पुर्याए । “आत्तिएर भाग्ने क्रममा थियौँ, अगाडि हात्ती उभिइरहेको रहेछ,” सङ्गीताले दुई साताअघिको घटनाबारे जानकारी दिँदै भनिन्, “सुँढले च्याप्प समातेको थाहा छ, त्यसपछि एकैचोटि आम्दा अस्पतालमा मात्र हाम्रो होस खुलेको थियो ।” हात्तीको आक्रमणमा मुस्किलले ज्यान जोगाएका निरौला दम्पतीले ऋण खोजेर उपचार गराउनु परेको बताएका छन् । आफ्नो जग्गा नभएका उनीहरु झापाकै एउटा विद्यालयको १७ धुर जग्गामा वार्षिक ठेक्का तिर्ने सर्तमा बस्दै आएका छन् । टिनले छाएको भुइँतले दुई कोठाको घर छ । मेघनाथ न्यून दृष्टिका कारण दुवै आँखा देख्न सक्नुहुन्न । सङ्गीताले नजिकको कालिका सिमसार पर्यटकीय क्षेत्रमा चटपटे बेचेर दम्पतीको गुजारा चलाइरहेका छन्। “आँखा नदेख्ने भएकाले मैले उहाँ (मेघनाथ)लाई डोहोर्याएर कोठाबाट बाहिर निकालेको थिएँ,” सङ्गीताले भनिन्, “हात्तीले आँगनमै झम्टेला भन्ने कल्पना पनि गरेका थिएनौँ, धन्न बाँचियो ।” धुलाबारीको मेची आम्दा र भद्रपुरको ओमसाई पाथीभरा हस्पिटलमा उपचार गरेर निरौला दम्पती अहिले घरमै बसेर औषधि खाइरहेका छन् । सङ्गीताको कम्मर र मेरुदण्डमा असर परेको छभने दुवै खुट्टाको लिगामेन्ट च्यातिएको चिकित्सकहरुले बताएका छन् । मेघनाथको खुट्टामा भित्री चोट छ । अस्पतालमा पुग्दा चटपटे बेचेर कमाएको रु पाँच सय मात्र थियो सङ्गीताका साथमा । गाउँलेसँग रु २६ हजार सापटी मागेर अस्पतालको उपचार खर्च व्यहोरेको उनले बताइन् । अस्पतालमा लामो बस्दा खर्चको बिल बढ्ने भएकाले अहिले उनीहरु घरमै आएर ओछ्यान पर्नुभएको छ । हिँड्डुल गर्न नसक्ने भएकाले चटपटे बेच्न जान नपाउँदा दैनिक गर्जो टार्नै मुस्किल परिरहेको सङ्गीताको भनाइ छ । निरौला दम्पती जस्तै हात्तीपीडित घाइतेहरु उपचारमा ठूलो धनराशि खर्च भएका कारण बिचल्लीमा परेका छन् । उपचार सहयोग पाउन सरकारी अस्पतालमा उपचार गराएको हुनुपर्ने नियमप्रति पीडितहरु असन्तुष्ट छन् । मेचीनगर–२ बाहुनडाँगीका ४२ वर्षीय गोपाल रिजाललाई गत कात्तिक १९ गते घाँस काट्न जाँदा जङ्गली हात्तीले आक्रमण गरेर गम्भीर घाइते बनायो । उनको छातीको १० वटा करङ भाँचिएको थियो भने फोक्सोमा रगत जमेको थियो ।डेढ महिना विर्तामोडको बी एन्ड सी हस्पिटलमा उपचार गराएपछि ह्विलचियरमा बस्न सक्ने भएका उनी हालै अस्पतालबाट घर फर्किएका छन् ।  उनको उपचारमा रु २२ लाख खर्च भएको छ । एककोठे सानो झुपडीमा बस्दै आएका उनीसँग उपचार खर्च व्यहोर्ने सामथ्र्य थिएन । दुई भाइले विदेशमा कमाएर घर बनाउने भनेर ल्याएको रकम उनको उपचारमा खर्च गरिएको छिमेकी कल्याण काफ्लेले बताए । “गाउँमा तीन लाख जति चन्दा उठ्यो,” काफ्लेले भने “वैदेशिक रोजगारीबाट भर्खरै फर्किएका भाइले ल्याएको सबै रकम लगाउँदा पनि नपुगेपछि आफन्त र छिमेकीहरुबाट ठूलो रकम ऋण लिइएको छ ।” विदेशमा कमाएको सबै सम्पत्ति दाजुको उपचारमा खर्चिएका भाइहरुको पनि बिचल्ली भएको उनले बताए । कुनै पनि सरकारी कोषबाट उनले हालसम्म उपचार सहयोग पाएका छैनन् ।  विगत दुई महिनामा झापामा हात्तीको आक्रमणमा चारजनाको मृत्यु भएको छ भने तीनजना घाइते भएको डिभिजन वन कार्यालय झापाका प्रमुख मेघराज राईले बताए। सरकारले वन्यजन्तुको आक्रमणमा मृत्यु भएकालाई रु १० लाख दिने र घाइते भएमा अवस्था हेरेर रु २० हजारदेखि रु दुई लाखसम्म उपचार खर्च व्यहोर्ने गरेको छ । घाइतेको उपचार खर्च पाउन सरकारी अस्पतालमा उपचार गराएको हुनुपर्ने नियम छभने अस्पतालको बिल भरपाईसहित निवेदन दिएको लामो समयपछि मात्र उपचार रकम पीडितले पाउने गरेका छन् । हात्तीले आक्रमण गरेको ३५ दिनभित्र पीडितले डिभिजन वन कार्यालयमा उपचारको बिलसहित निवेदन दिइसक्नुपर्ने राईले बताए । बालीको क्षति पनि सरकारले व्यहोर्ने गरेको छ । सरकारले ढिलो र झन्झटिलो प्रक्रियाबाट रकम उपलब्ध गराउने भएकाले विपन्न परिवारका पीडितले बेलैमा उपचार नपाउने अवस्था आएको हात्तीपीडित मेचीनगर–२ का कल्याण काफ्ले बताउछन् । स्थानीय पालिकाबाटै छिटोछरितो तरिकाले हात्तीपीडितलाई उपचार सहयोग पुर्याउन राहत कोष वितरणको व्यवस्था हुनुपर्ने उनको धारणा छ ।","झापाको मेचीनगरमा जङ्गली हात्तीको आक्रमणबाट चार जनाको मृत्यु भएको र तीन जना घाइते भएका छन्। हालै ४२ वर्षीया संगीता निरौला र उनका न्यूनदृष्टि श्रीमान् मेघनाथ निरौलामाथि हात्तीको आक्रमण भयो। उनीहरूको उपचारमा २६ हजार रुपैयाँ खर्च भयो। साथसाथै, ४२ वर्षीय गोपाल रिजालको उपचारमा झण्डै २२ लाख रुपैयाँ खर्च भएको छ। सरकारले हात्ती पीडितलाई मृत्यु भएको अवस्थामा रु १० लाख र घाइते भएमा रु २० हजारदेखि २ लाखसम्म दिने व्यवस्था गरेपनि सरकारी अस्पतालमा उपचार गराएको हुनुपर्ने नियमका कारण यो सहुलियत पीडितहरूले पाउन सकेका छैनन्।"
"गण्डकी ।  विदेश पलायनलाई घटाई युवालाई गाउँमै रोजगारी दिन बागलुङको ताराखोला गाउँपालिकाले ‘सहिद विश्व श्रम रोजगार बैङ्क’ सञ्चालनमा ल्याएको छ । अर्गलस्थित गाउँपालिकाको सभाकक्षमा मङ्गलबार आयोजित समारोहमा उक्त श्रम रोजगार बैङ्कको कार्य शुभारम्भ गरिएको हो ।  सांसद देवेन्द्र पौडेलको उपस्थितिमा गाउँपालिकाका अध्यक्ष धनबहादुर विक ‘हिमाल’ले श्रम रोजगार बैङ्कमा आबद्ध ६७  सदस्यलाई शपथ ग्रहण गराएका थिए । युवालाई गाउँमै रोजगारी सिर्जना, स्थानीय सीप र श्रमको सदुपयोग, मानव संसाधनमार्फत गाउँपालिकाको समग्र विकासलागयत उद्देश्य राखेर श्रम रोजगार बैङ्क सञ्चालनमा ल्याइएको उनले बताए । रोजगार बैङ्कमा आबद्ध सदस्यलाई गाउँपालिकाले सञ्चालन गर्ने विकास निर्माणका आयोजना, निजी क्षेत्र, निर्माण व्यवसाय, कृषि, सहकारी र उद्यमका विकासका काममा लगाइने उनको भनाइ छ । “गाउँपालिकामा सञ्चालन हुने विकास योजना, ढुङ्गाखानी उत्खननलगायत स्थानीय उद्योगधन्दामा आवश्यक जनशक्ति आपूर्ति र रोजगारी सिर्जना गरी वैदेशिक रोजगारीमा जाने प्रवृत्तिलाई न्यूूनीकरण गर्न श्रम रोजगार बैङ्क सञ्चालनमा ल्याइएको हो,” अध्यक्ष बिकले भने “पहिलो चरणमा वडा तहबाट आवेदन सङ्कलन गरेर रोजगार बैङ्कमा ६७ जनालाई सूचीकृत गरेका छौँ ।” स्थानीय दक्ष जनशक्ति परिचालन गरी विकास योजनालाई समयमै र गुुणस्तरीय रुपमा सम्पन्न गराउने, युवाको सीप र दक्षताको प्रयोगमार्फत सामाजिक रुपान्तरण, सामाजिक विकृति न्यूनीकरण, श्रमिकको सम्मान र सुरक्षा गर्ने बैङ्कको उद्देश्य रहेको गाउँपालिकाका प्रमुख प्रशासकीय अधिकृत चिरञ्जीवी घिमिरेले बताए । गाउँपालिकाले बजेट विनियोजन गरेका, सङ्घीय र प्रदेशका आयोजनामा श्रम बैङ्कमार्फत जनशक्ति आपूर्ति गरिने उनले उल्लेख गरे । गाउँपालिकाभित्र रहेका निर्माण व्यवसायी र सञ्चालकहरुलाई पनि रोजगार बैङ्कमा सूचीकृत गरिने जनाइएको छ।   चालु आर्थिक वर्षमा रु तीन करोड छ लाख बजेट बराबरको योजना श्रम बैङ्कमार्फत कार्यान्वयन गरिने गाउँपालिकाका प्रशासकीय अधिकृत प्रकाश गैरेले बताए । “विकास निर्माणका अलावा सामाजिक गतिविधिमा पनि श्रम बैङ्कका जनशक्तिलाई परिचालन गर्छौं,” उनले भने, “श्रम बैङ्क सञ्चालनका लागि कार्यविधि बनाएका छौँ, श्रमिकको सम्मान र श्रमको उचित ज्यालाको सुनिश्चितता गर्न गाउँपालिका प्रतिबद्ध छ ।” गाउँपालिकाले ताराखोलामा रहेका सबै दुुई हजार दुई सय घरधुरीबाट एक–एकजनालाई बैङ्कमा आबद्ध गराउने लक्ष्य लिएको छ । कार्यविधिमा दैनिक आठ घण्टा काम गर्ने मजदुुरलाई गाउँपालिकाको योजनामा प्रतिघण्टा रु एक सय १०, प्रदेश, सङ्घीय योजना र निजी क्षेत्रका काममा प्रतिघण्टा रु एक सय १५ का दरले ज्याला उपलब्ध गराइने व्यवस्था छ ।  मासिक रु १७ हजार तीन सय ज्यालामध्ये ३१ प्रतिशत सामाजिक सुरक्षा कोषमा जम्मा गरिने भएको छ । गाउँपालिकाले श्रमिकलाई काम दिन नसके वा श्रमिकको एक महिनाको ज्याला रु १० हजार आठ सय २० भन्दा कम दिएमा सामाजिक सुुरक्षा कोषमा गाउँपालिकाले २० प्रतिशत र श्रमिकले ११ प्रतिशत जम्मा गर्ने व्यवस्था गरिएको छ ।  एक महिनाको ज्याला रु १० हजार आठ सय २० भन्दा बढी भएमा गाउँपालिकाले १० प्रतिशत र श्रमिकले २१ प्रतिशत बराबरको रकम जम्मा गर्नुुपर्नेछ । श्रम बैङ्कमा आबद्ध निर्माण व्यवसायीले सामाजिक सुुरक्षा कोषमा २६ प्रतिशत र गाउँपालिकाले ६ प्रतिशत जम्मा गर्नेछन् ।   श्रम बैङ्कमा आबद्ध श्रमिक र आश्रित परिवारलाई सामाजिक सुुरक्षा भत्ता, औषधि उपचार, मातृत्व सुुरक्षा योजना, बिरामी बिदा, दुर्घटना बीमा, किरिया खर्च, शैक्षिक छात्रवृत्तिलगायत सुविधा उपलब्ध गराइने गाउँपालिकाले जनाएको छ । एकजना श्रमिकको सामाजिक सुरक्षाका लागि उनीहरुको १० प्रतिशत सहभागितासहित वार्षिक रु एक लाख १५ हजार १९ खर्च गरिने भएको छ ।  श्रम रोजगार बैङ्कमा आबद्ध सदस्यहरुका लागि कार्यस्थलमा मादक पदार्थ सेवन गर्न नपाउने, तोकिएको पोसाक र सामग्रीसहित गाउँपालिकाले लगाएको काम गर्नुपर्ने, काममा अनुपस्थित हुँदा व्यवस्थापकलाई जानकारी गराउनुपर्ने, सार्वजनिक रुपमा गाउँपालिकाविरुद्ध अभिव्यक्ति दिन नपाउनेलगायत आचारसंहिता बनाइएको गाउँपालिकाका अध्यक्ष बिकले बताए । श्रम रोजगार बैंकमा आबद्ध चन्द्रबहादुर रोकाले गाउँपालिकाले युवालाई लक्ष्य गरी रोजगारको कार्यक्रम ल्याएकामा खुशी व्यक्त गरे। केही दिनभित्रमा गाउँपालिकासँग सम्झौता गरेर सबै श्रमिक सदस्य कार्यस्थलमा खटिने उनको भनाइ छ । गाउँपालिकाका पाँचवटै वडाका युवा जनशक्ति श्रम रोजगार बैङ्कमा आबद्ध भएका छन् । युवाको आवेदन र वडा कार्यालयको सिफारिसका आधारमा गाउँ कार्यपालिकाले रोजगार बैङ्कमा आबद्ध हुने श्रमिकको छनौट गरेको थियो । १८ देखि ४० वर्ष उमेर समूहका युुवाका अतिरिक्त प्राविधिक सीपमा दखल राख्ने ६० वर्षसम्मका व्यक्तिहरुलाई समेत आवश्यकताका आधारमा श्रम रोजगार बैङ्कमा आबद्ध गरिने गाउँपालिकाले जनाएको छ । पूर्वशिक्षा, विज्ञान तथा प्रविधिमन्त्री  पौडेलले श्रमिकको सम्मान र सुुरक्षाका लागि ताराखोला गाउँपालिकाले देशमै नमुना कार्यक्रम सुरु गरेको बताए । गाउँमै रोजगारी सिर्जनाका साथै गुुणस्तरीय पूूर्वाधार विकासमा श्रम रोजगार बैङ्क कोशेढुङ्गा बन्ने उनले विश्वास व्यक्त गरे ।","ताराखोला गाउँपालिकाले 'सहिद विश्व श्रम रोजगार बैंक' स्थापना गरी सञ्चालनमा ल्याएको छ। यसको उद्देश्य युवालाई गाउँमै रोजगारी, स्थानीय सीपको उपयोग र वैदेशिक रोजगारी न्यूनीकरण गर्नु हो। बैंकमा ६७ जना सदस्य छन् र गाउँपालिकाका विकास आयोजनामा परिचालन हुनेछन्। श्रमिकलाई विभिन्न सामाजिक सुरक्षा सुविधा उपलब्ध गराइनेछ। गाउँपालिकाले यस वर्ष ३ करोड ६ लाखको योजना बैंकमार्फत कार्यान्वयन गर्ने तयारी गरेको छ।"
"चितवन । जलयात्रामा आश्रित मजदुर (रिभरगाइड)ले पारिश्रमिक बढाउनुपर्ने माग गरेका छन्  । उनीहरुले कम्तीमा दैनिक ज्याला तीन हजार हुनुपर्ने माग गरेका हुन् । चितवनको इच्छाकामना–३ फिस्लिङमा सम्पन्न हिमालयन रिभरगाइड एसोसिएसन (हर्गान) को १५औँ साधारणसभाले कम्तीमा रिभरगाइडको दैनिक पारिश्रमिक रु तीन हजार हुनुपर्र्ने निर्णय समेत गरेको छ । हर्गानका उपाध्यक्ष डोलबहादुर  गुरुङले अनुसार  जलयात्रा मजदुरले हाल दैनिक ज्याला रु दुई हजार पाँच सय पाउँदै आएका  छन् । साथै साधारणसभाले धेरै दिनको यात्रामा जान परेमा रिभरगाइडको दैनिक ज्याला रु चार हजार हुनुपर्ने माग गर्ने निर्णय गरेको उहाँले बताउनुभयो ।  काममा लामो समय खटिनुपर्ने भएकाले हाल पाइरहेको दैनिक पारिश्रमिक कम भएको उनीहरुको भनाइ छ । लामो समयदेखि रिभरगाइडको काम गर्दै आउनुभएका  चितवनका मिलन गुरुङले बिहानदेखि राति अबेरसम्म खटिनुपर्ने भएकाले हाल जलयात्रा पर्यटन व्यवसायीहरुले उपलब्ध गराउँदै आएको पारिश्रमिकमा वृद्धि गर्नुपर्ने आफूहरुको माग रहेको बताए ।   उनले भने, “पर्यटकलाई  बिहानदेखि बेलुका अबेरसम्म समय दिनुपर्ने हुन्छ, दिनभर जलयात्रा (राफ्टिङ गराएर  होटलसम्म पु¥याउनुपर्ने हुन्छ, सधैँ काम हुँदैन ‘सिजन’मा मात्र हुने कमाईले दैनिक गुजारा चलाउनसमेत कठिन हुन्छ ।” त्रिशूली नदीमा निर्माणाधीन  सुपर त्रिशूली हाइड्रो पावर निर्माण रोक्न पनि रिभरगाइडले  माग गरेका छन् । सो स्थानमा बन्ने हाइड्रो पावरले  त्रिशूली नदीको जलयात्रामा आश्रित  स्थानीय ७० जनाभन्दा बढीको रोजगारी नै गुम्ने रिभरगाइड गुरुङको भनाइ छ । साथै सो आयोजनाका कारण एक सय ५० भन्दा रिभरगाइडको रोजगारीमा असर पुग्ने उहाँको भनाइ छ । जलयात्राका लागि विश्वमै उत्कृष्ट मानिने त्रिशूली नदीको सौन्दर्यता बिग्रनाका साथै जलयात्रा व्यवसायी  र त्यसमा आश्रित मजदुरको रोजीरोटी खोसिने हर्गानको ठहर छ । त्रिशूली नदी बचाउनका लागि  सम्बन्धित निकायमा खबरदारी गर्नेलगायत  सङ्घर्षका कार्यक्रमहरु गर्ने जनाएको छ । यसअघि पनि  जलयात्रा मजदुर र व्यवसायीले विरोधस्वरुप  राजमार्गमा पदयात्रा गरेका थिए ।","चितवनको हिमालयन रिवरगाइड एसोसिएशन (हर्गान) को १५औँ साधारणसभाले जलयात्रा मजदुर (रिवरगाइड) को दैनिक पारिश्रमिक बढाउनुपर्ने निर्णय गरेको छ। हाल रिवरगाइडले दैनिक रु २,५०० पाउँदै आएकामा साधारणसभाले कम्तीमा रु ३,००० र लामो यात्रा हुँदा ४,००० हुनुपर्ने माग गरेको हो। रिवरगाइडहरूले लामो समय काम गर्नुपर्ने भएकाले हालको ज्याला कम रहेको बताएका छन्। साथै, त्रिशुली नदीमा बन्न लागेको सुपर त्रिशुली हाइड्रोपावर परियोजना रोक्न पनि साधारणसभाले माग गरेको छ किनकि यसबाट ७० भन्दा बढी रिवरगाइडको रोजीरोटीमा असर पर्ने देखिएको छ।"
"काठमाडौँ । हाल नेपालमा पश्चिमी बायुको आंशिक प्रभाव रहेको छ । जसको प्रभावले हाल कोशी र गण्डकी प्रदेशका पहाडी भूभागमा आंशिक बदली रही बाँकी भूभागमा मौसम सामान्यतया सफा रहेको छ। तराईका अधिकांश भूभागमा हुस्सु लागेको छ । आज दिउँसो कोशी, बागमती र गण्डकी प्रदेशका पहाडी भूभागमा आंशिक बदली रही बाँकी  भूभागमा मौसम सामान्यतया सफा रहनेछ। कोशी, बागमती र गण्डकी प्रदेशको उच्च पहाडी तथा हिमाली भूभागको एक–दुई स्थानमा हल्का हिमपातको सम्भावना रहेको छ। आज राति कोशी र गण्डकी प्रदेशका पहाडी भूभागमा आंशिक बदली रही बाँकी भूभागमा मौसम सामान्यतया सफा रहनेछ। कोशी र गण्डकी प्रदेशको उच्च पहाडी तथा हिमाली भूभागको एक–दुई स्थानमा हल्का हिमपातको सम्भावना रहेको छ।","नेपालमा पश्चिमी बायुको आंशिक प्रभावले कोशी र गण्डकी प्रदेशका पहाडी भूभागमा मौसममा आंशिक बदली हुने सम्भावना छ। तराईका बहुमूल्यावान भूभागमा हाल हुस्सु लागेको छ। आज दिउँसो, कोशी, बागमती, र गण्डकी प्रदेशका पहाडी भूभागमा मौसम सामान्यतया सफा रहेको छ, तर उच्च पहाडी तथा हिमाली भूभागमा हल्का हिमपात संभावित छ।"
"काठमाडौँ । रुसी सेनामा कार्यरत थप तीन नेपाली नागरिकको मृत्यु भएको छ । रुस-युक्रेन युद्धमा थप तीन जना नेपालीको मृत्यु भएको परराष्ट्र मन्त्रालयले आज जनाएको हो । मन्त्रालयका प्रवक्ता अमृतबहादुर राईले राहदानी नं १२२९९८९१ वाहक स्याङ्जाका हरिप्रसाद अर्याल, राहदानी नं ११०२७१७५ वाहक कैलालीका भरबहादुर शाह र राहदानी नं ०७५७३७३८ वाहक धादिङका राजकुमार गिरीको निधन भएको जानकारी प्राप्त भएको जानकारी दिए ।  यसअघि रुसी सेनामा कार्यरत गोरखाका सन्दीप थपलिया, कपिलवस्तु वाणगङ्गा–१ का रुपक कार्की, पोखरा कास्कीका देवान राई, पुतलीबजार–५ स्याङ्जाका पितम कार्की, मेलुङ–६ दोलखाका राजकुमार रोका, इलाम– ५ इलामका गङ्गाराज मोक्तान र कुन्दन सिंह नागलको मृत्यु भइसकेको परराष्ट्र मन्त्रालयले जनाएको छ ।","रुस-युक्रेन युद्धमा थप तीन नेपाली नागरिकको मृत्यु भएको समाचार प्राप्त भएको छ। रुसी सेनामा कार्यरत थिएका यी नेपालीहरूको नामहरू छन्: हरिप्रसाद अर्याल, भरबहादुर शाह, राजकुमार गिरी। यी नेपाली नागरिकहरूको मृत्यु रुसी सेनामा युद्धक्षेत्रमा भएको हो। तीन जना अरु नेपालीहरूको पहिलो मृत्युका बारेमा तथ्यात्मक जानकारी जारी गरेको छ।"
"नवलपरासी । पूर्वराजा ज्ञानेन्द्र शाहलाई आज नवलपरासीमा अभिनन्दन गरिएको छ । पश्चिम नवलपरासीको सरावलस्थित बर्दघाटे (कालिका) मन्दिरको दर्शन गर्न आएका शाहलाई  एक कार्यक्रमकाबिच अभिनन्दन गरिएको हो । सोही क्रममा पूर्वराजा शाहले कालिका मन्दिरमा केहीबेर पूजा आराधना समेत गरेका थिए । त्यसपछि पूर्वराजा शाहलाई राप्रपाका केन्द्रीय उपाध्यक्ष एवम् क्षेत्र नम्बर २ का प्रतिनिधिसभा सदस्य ध्रुवबहादुर प्रधान र रामग्राम नगरपालिकाकी उपप्रमुख सम्झना चौधरीले स्वागत गरेका थिए । अभिनन्दन कार्यक्रममा समर्थकहरूले ‘राजा आउ देश बचाउ’ ‘हाम्रो राजा, हाम्रो देश प्राणभन्दा प्यारो छ’ भन्दै नाराबाजी गरेका थिए । पूर्वराजा शाहलाई हेर्न बाक्लो भिड उपस्थित थियो ।कार्यक्रममा प्रतिनिधिसभा सदस्य प्रधानले पूर्व राजाको आगमनले यस मन्दिरको संरक्षण र प्रवर्द्धनमा सहयोग पुग्ने विश्वास व्यक्त गरेका थिए। केही दिनदेखि भैरहवा र कपिलवस्तुका विभिन्न क्षेत्रमा पूर्वराजा शाहले विभिन्न कार्यक्रममा सहभागिता जनाउँदै आएका छन् ।",पूर्वराजा ज्ञानेन्द्र शाहलाई नवलपरासीमा अभिनन्दन गरिएको छ। उनले पश्चिम नवलपरासीको बर्दघाटे (कालिका) मन्दिरमा दर्शन गरेका हुन् र पूजा आराधना गरेका हुन्। पूर्वराजा शाहले राप्रपाका केन्द्रीय उपाध्यक्ष र रामग्राम नगरपालिकाकी उपप्रमुखको स्वागत पाएका छन्। अभिनन्दन कार्यक्रममा समर्थकहरूले नारा बाजी गरेका थिए र पूर्वराजा शाहलाई संरक्षण र प्रवर्द्धनमा सहयोग पुग्ने विश्वास व्यक्त गरेका छन्।
काठमाडौँ । सामाजिक सुरक्षा कोष र  मधेस प्रदेशको बलरा नगरपालिकाबिच श्रमिक आबद्धता सम्बन्धी सम्झौता भएको छ । मंगलबार सामाजिक सुरक्षा कोषको कार्यालयमा कोषका तर्फबाट कार्यकारी निर्देशक कविराज अधिकारी र बलरा नगरपालिकाका मेयर रामाशंकर प्रसाद कुशवाहाले उक्त सम्झौतामा हस्ताक्षर गरेका हुन् ।  बलरा नगरपालिकामा रहेका अनौपचारिक क्षेत्रका श्रमिकसँगै स्वरोजगार व्यक्तिलाई सामाजिक सुरक्षा योजनाभित्र समेट्नका लागि सम्झौता गरिएको छ ।   सम्झौतासँगै बलरा नगरपालिका भित्रका अनौपचारिक क्षेत्र तथा स्वरोजगारका श्रमिकलाई सामाजिक सुरक्षा कोषमा आबद्ध गराउने प्रक्रिया सुरु भएको मेयर कुशवाहाले बताए ।  कुशवाहाले जनताको जीवनयापन तथा आइपर्ने सामाजिक सुरक्षाका विभिन्न समस्याहरुको समुचित सम्बोधन गर्न सामाजिक सुरक्षा अपरिहार्य भएको बताए । उनले जनतासामु गरेका प्रतिबद्धतालाई साकार  गर्न  नगर क्षेत्र भित्रका अनौपचारिक तथा स्वरोजगारका श्रमिकलाई बढीभन्दा बढी कोषमा आबद्ध गर्ने विषयमा प्रतिबद्धता जाहेर गरे । कोषका कार्यकारी निर्देशक कविराज अधिकारीले कोषमा आबद्ध गराउने बलरा नगरपालिकाको निर्णयले नगरक्षेत्रको मात्र नभई कोषमा आबद्ध हुन चाहने अन्य स्थानीय तहलाई समेत प्रेरित गरेको बताए ।,सामाजिक सुरक्षा कोष र मधेस प्रदेशको बलरा नगरपालिकाबिच श्रमिक आबद्धता सम्बन्धी समझौता हुँदैछ। बलरा नगरपालिकामा रहेका अनौपचारिक क्षेत्रका श्रमिकहरूलाई सामाजिक सुरक्षा योजना अन्तर्गत समेट्नका लागि समझौता गरिएको छ। यस समझौतामा बलरा नगरपालिकाभित्रका अनौपचारिक क्षेत्र र स्वरोजगारी श्रमिकहरूलाई सामाजिक सुरक्षा कोषमा आबद्ध गराइएको हो।
"प्रधानमन्त्री पुष्पकमल दाहाल 'प्रचण्ड' युगान्डाको कम्पालामा यही जनवरी १९ देखि २० सम्म आयोजना भएको असंलग्न आन्दोलन (नाम शिखर सम्मेलन) का राष्ट्राध्यक्ष तथा सरकार प्रमुखहरूको १९औँ शिखर सम्मेलनमा नेपाली प्रतिनिधिमण्डलको नेतृत्व गरी स्वदेश फर्कनुभएको छ ।  उनी गत माघ १० गते काठमाडौंबाट कम्पालाका लागि प्रस्थान गरेका थिए । प्रधानमन्त्रीका साथमा उनकी छोरी गंगा दाहाल, परराष्ट्रमन्त्री नारायणप्रकाश साउद, परराष्ट्र सचिव सेवा लम्साल र नेपाल सरकारका वरिष्ठ अधिकारीसहभागी थिए । शिखर सम्मेलनका क्रममा दाहालले 'साझा विश्व समृद्धिका लागि गहन सहयोग' विषयको शिखर सम्मेलनको पूर्ण सत्रलाई सम्बोधन गरेका थिए । शिखर सम्मेलनको अवसरमा प्रधानमन्त्री ओलीले राष्ट्राध्यक्ष, सरकार प्रमुख तथा शिखर सम्मेलनमा सहभागी अन्य उच्च पदस्थ व्यक्तिसँग द्विपक्षीय भेटवार्ता गर्नुभएको थियो । नेपाल असंलग्न आन्दोलनको संस्थापक सदस्य हो र स्थापनाकालदेखि नै नामका सबै शिखर सम्मेलनमा सक्रिय सहभागिता जनाउँदै आएको छ ।","प्रधानमन्त्री पुष्पकमल दाहाल 'प्रचण्ड'ले युगान्डामा आयोजित असंलग्न आन्दोलन (नाम) का राष्ट्राध्यक्ष तथा सरकार प्रमुखहरूको १९औँ शिखर सम्मेलनबाट फर्केपछि 'साझा विश्व समृद्धिका लागि गहिरो सहयोग' विषयको पूर्ण सत्रलाई सम्बोधन गर्नुभयो । भ्रमण दलमा उनकी छोरी गंगा दाहाल, परराष्ट्रमन्त्री नारायणप्रकाश साउद, परराष्ट्र सचिव सेवा लम्साल र नेपाल सरकारका वरिष्ठ अधिकारीसहभागी थिए । नेपाल नामको संस्थापक सदस्य हो र यसको स्थापनाकालदेखि नै नामका सबै शिखर सम्मेलनमा सक्रिय सहभागिता जनाउँदै आएको छ ।"
"सरकारले बालकुमारी घटनाको छानबिन का लागि उच्चस्तरीय आयोग गठन गर्ने भएको छ । प्रधानमन्त्री पुष्पकमल दाहाल 'प्रचण्ड'ले छानबिन आयोग ऐन २०२६ अनुसार पूर्वन्यायाधीशको अध्यक्षतामा उच्चस्तरीय आयोग गठन हुने जानकारी सत्तारुढ दलका शीर्ष नेताहरुलाई गराएका थिए । छलफलमा सहभागी काँग्रेसका प्रमुख सचेतक रमेश लखकले भने, भोलि बिहान बस्ने मन्त्रिपरिषद्को बैठकमा आयोग गठन हुनेछ । 'आयोगले भोलिदेखि काम थाल्नेछ,' उनले भने। कोरियामा रोजगार अनुमति प्रणाली (इपिएस) मार्फत उत्पादनमूलक क्षेत्रमा रोजगारीका लागि आवेदन दिन र भाषा परीक्षाको आवेदन पूरा गर्न अनुमति माग्दै ललितपुरको बालकुमारीमा गत डिसेम्बर २९ मा भएको विरोध प्रदर्शनका क्रममा दुई जनाको मृत्यु भएको थियो ।",नेपाल सरकारले ललितपुरमा भएको प्रदर्शनका क्रममा दुई जनाको ज्यान जाने गरी भएको बालकुमारी घटनाको छानबिन गर्न उच्चस्तरीय आयोग गठन गर्ने भएको छ । प्रधानमन्त्री पुष्पकमल दाहाल 'प्रचण्ड'ले मन्त्रिपरिषद्को आजको बैठकमा पूर्वन्यायाधीशको नेतृत्वमा आयोग गठन हुने जानकारी गराएका छन् । गत पुस १० गते बालकुमारीमा भएको विरोध प्रदर्शनका क्रममा दुई जनाको ज्यान गएको घटनाका सम्बन्धमा आयोगले आफ्नो काम सुरु गर्नेछ ।
राष्ट्रपति रामचन्द्र पौडेलले दुई जना नेपाली राजदूतलाई दुई देशका लागि गैरआवासीय नेपाली राजदूतमा नियुक्त गर्नुभएको छ । राष्ट्रपति पौडेलले नेपालको संविधानको धारा २८२ बमोजिम मोजाम्बिकका लागि गैरआवासीय राजदूतमा राजदूत दानबहादुर तामाङ र इटालीका लागि गैरआवासीय राजदूतमा राजदूत रामप्रसाद सुवेदीलाई नियुक्त गर्नुभएको छ । राजदूत तामाङ हाल दक्षिण अफ्रिकाका लागि नेपाली आवासीय राजदूतका रूपमा कार्यरत छन् भने राजदूत सुवेदी स्विट्जरल्याण्डमा पनि त्यस्तै भूमिकामा छन् ।,राष्ट्रपति रामचन्द्र पौडेलले नेपालको संविधानको धारा २८२ बमोजिम दुई जना नेपाली राजदूतलाई गैरआवासीय नेपाली राजदूतमा नियुक्त गर्नुभएको छ । राजदूत दानबहादुर तामाङलाई मोजाम्बिकका लागि गैरआवासीय राजदूत र रामप्रसाद सुवेदीलाई इटालीका लागि गैरआवासीय राजदूतको जिम्मेवारी दिइएको छ ।
"सर्वोच्च अदालतले नेपाल प्रहरीका नवनियुक्त प्रमुख धिरजप्रताप सिंहलाई काम गर्न नपाउने गरी अन्तरिम आदेश जारी गर्न अस्वीकार गरेको छ । बढुवाको दौडमा रहेका एआईजी विश्वराज पोखरेलले यस्तो आदेशको माग गर्दै अदालतमा रिट निवेदन दायर गरेका थिए । तर न्यायाधीश सुष्मालता माथेमाको एकल इजलासले सिंहले काम सुरु गरिसकेको भन्दै अन्तरिम आदेश दिएको थिएन । तर, पोखरेलले उठाएको प्रश्न कानूनी विचारका लागि मान्य हुने भएकाले यस विषयमा थप सुनुवाइ हुने इजलासले जनाएको छ । आजको फैसलाअनुसार अर्को सुनुवाइ यही जेठ १५ गते मात्र हुनेछ ।  सरकारले सिंहलाई नेपाल प्रहरीको महानिरीक्षकमा नियुक्त गरेको थियो । यो निर्णय राष्ट्रिय प्रहरी संगठनमा वरिष्ठता आदेशको उल्लङ्घनको रूपमा विवादास्पद बनेको थियो।  प्रथम स्थानमा विश्वराज पोखरेल र तेस्रोमा धीरजप्रताप सिंह थिए ।",सर्वोच्च अदालतले नेपाल प्रहरीका नवनियुक्त प्रहरी महानिरीक्षक धिरजप्रताप सिंहलाई काम गर्न नपाउने गरी अन्तरिम आदेश जारी गर्न अस्वीकार गरेको छ । एआइजी विश्वराज पोखरेलले यस्तो आदेशको माग गर्दै रिट दायर गरे पनि न्यायाधीश सुष्मालता माथेमाको एकल इजलासले अन्तरिम आदेश जारी गरेन । यस मुद्दाको थप सुनुवाइ हुनेछ र अर्को सुनुवाइ मे ३१ मा हुनेछ। राष्ट्रिय प्रहरी संगठनमा वरिष्ठताक्रम उल्लङ्घन का कारण विवादित बनेको सिंहलाई सरकारले नेपाल प्रहरीको प्रमुखमा नियुक्त गरेको थियो ।
नेत्रविक्रम चन्द 'विप्लव' नेतृत्वको नेपाल कम्युनिष्ट पार्टी (नेकपा)का सदस्यले चन्दलाई पार्टीको महासचिवबाट हटाएर पार्टीबाट समेत निष्कासन गरेका छन् ।  यसको अर्थ स्थानीय तहको निर्वाचनमा भाग लिने विषयलाई लिएर विभाजनको संघारमा पुगेको पार्टी अन्ततः विभाजित भएको छ । सो समूहले धर्मेन्द्र बाँस्तोलालाई पार्टीको नयाँ अध्यक्षमा चयन गरेको छ । केन्द्रीय सदस्य गुणराज लोहनीका अनुसार विप्लवसँगै खड्गबहादुर विश्वकर्मालाई पनि हटाइएको छ । स्थानीय तहको निर्वाचनमा भाग लिने कि नलिने भन्ने विषयमा चन्द र पार्टीका केही नेताबीच मतभेद भएपछि यस्तो भएको हो । चन्दको चुनावमा भाग लिने प्रस्तावको विरोध गर्ने धर्मेन्द्र बास्तोला र हेमन्तप्रकाश ओलीलाई चन्दले गत चैत २७ गते पदबाट हटाएका थिए । लोहनीका अनुसार असन्तुष्ट पक्षले नयाँ पार्टी बनाउने तयारी गरिरहेका छन् ।,नेत्रविक्रम चन्द 'विप्लव' नेतृत्वको नेपाल कम्युनिष्ट पार्टी (नेकपा)ले चन्दलाई महासचिवबाट हटाएर पार्टीबाट निष्कासन गरेको छ । स्थानीय तहको निर्वाचनमा भाग लिने विषयलाई लिएर विभाजनको संघारमा पुगेको पार्टी अन्ततः विभाजित भएको छ । नयाँ प्रमुखमा धर्मेन्द्र बास्तोला र प्रमुखमा खड्गबहादुर विश्वकर्मालाई हटाइएको छ । आसन्न स्थानीय तहको निर्वाचनमा भाग लिने विषयमा चन्द र पार्टीका केही नेताबीच असहमति भएपछि यो कदम चालिएको हो । केन्द्रीय सदस्य गुणराज लोहनीका अनुसार असन्तुष्ट पक्षले नयाँ पार्टी गठनको तयारी गरिरहेको छ ।
काठमाडौं– स्थानीय तहको निर्वाचनको १० दिनअघि अभिनेता भुवन केसी नेपाली कांग्रेसमा प्रवेश गरेका छन्।  उनीसँगै अभिनेता रवीन्द्र खड्का र श्वेता खड्का पनि पार्टीमा प्रवेश गरेका छन् । प्रधानमन्त्री निवास बालुवाटारमा आयोजित कार्यक्रममा पार्टी सभापति शेरबहादुर देउवाले उनीहरुलाई पार्टीमा स्वागत गरेका हुन् ।  यसअघि नेपाली चलचित्र उद्योगका सबैभन्दा विवादित व्यक्तित्वमध्येका एक भुवन केसी अधिवक्ता स्वागत नेपाल नेतृत्वको सानो दलको प्रतिनिधित्व गर्दै काठमाडौँको मेयरका लागि उम्मेदवार बनेका थिए ।  माइती नेपालकी अध्यक्ष अनुराधा कोइरालाले कलाकारलाई पार्टीमा आउन राजी गराएको बुझिएको छ ।,स्थानीय तहको निर्वाचनको १० दिनअघि नै वरिष्ठ कलाकार भुवन केसी नेपाली कांग्रेसमा प्रवेश गरेका छन् । अभिनेता रवीन्द्र खड्का र श्वेता खड्का पनि पार्टीमा प्रवेश गरेका छन् । उनीहरुलाई प्रधानमन्त्री शेरबहादुर देउवाले पार्टीमा स्वागत गरेका थिए । नेपाली सिने जगतका चर्चित व्यक्तित्व भुवन केसी यसअघि काठमाडौंमहानगरपालिकाको मेयरको दौडमा थिए । माइती नेपालकी अध्यक्ष अनुराधा कोइरालाले कलाकारलाई पार्टीमा आउन आग्रह गरिन् ।
"निर्वाचन आयोगले सन् २०२२ को स्थानीय तहको निर्वाचनमा ३३५ जना स्थानीय पदाधिकारी निर्विरोध निर्वाचित भएको जनाएको छ । आगामी वैशाख ३१ गते मतदान हुने भए पनि प्रत्येक पदका लागि एक÷एक जनाले मात्र उम्मेदवारी दिएकाले ३३५ जना सर्वसम्मत निर्वाचित हुन लागेको आयोगले जनाएको छ । तर, कुन स्थानमा को निर्विरोध निर्वाचित भए भन्ने बारे भने आयोगले खुलाएको छैन । स्थानीय तहको निर्वाचनका लागि मतदान सकिएपछि विस्तृत घोषणा हुने सम्भावना छ । आयोगका अनुसार मुलुकका १७० वडाले वडा समितिमा एक जना दलित महिला वडा सदस्यका लागि मनोनयन पत्र प्राप्त गरेका छैनन् । यी खाली वडाहरूमा काठमाडौँ उपत्यकाका कम्तीमा २६ वटा वडाहरू पनि पर्दछन्।",निर्वाचन आयोगले २०७४ सालको स्थानीय तहको निर्वाचनमा ३३५ जना स्थानीय पदाधिकारी निर्विरोध निर्वाचित भएको जनाएको छ । आयोगका अनुसार प्रत्येक पदका लागि एक जनाले मात्र मनोनयन दर्ता गराएका छन् भने कुन स्थानमा को निर्विरोध निर्वाचित भए भन्ने विवरण सार्वजनिक गरिएको छैन । यसबाहेक काठमाडौँ उपत्यकाका कम्तीमा २६ वडासहित १७० वडामा दलित महिला वडा सदस्यका लागि कुनै पनि मनोनयन दर्ता भएको छैन । मतदान सकिएपछि विस्तृत घोषणा हुने अपेक्षा गरिएको छ ।
'यस वर्षको स्थानीय तहको निर्वाचनमा मतगणनाका क्रममा कुनै विवाद नहोस् भनेर निर्वाचन आयोगले सिसी टिभी क्यामेराबाट मतगणनाको अनुगमन गर्ने तयारी गरेको छ।  यसअघि सन् २०१७ को निर्वाचनमा उम्मेदवार र तिनका प्रतिनिधिलाई अवाञ्छित हस्तक्षेप हुन नदिन आयोगले मतगणना स्थललाई जालीले ढाकेको थियो । तर यसपटक अधिकांश मतगणना स्थलइन्टरनेटमा जोडिएकाले आयोगको केन्द्रीय कार्यालयले काठमाडौँबाटै मतगणनाको अनुगमन गर्नेछ । आयोगले देशभरका सबै निर्वाचन कार्यालयलाई सबै मतगणना स्थलमा सिसीटिभी क्यामेरा जडान गर्न परिपत्र गरिसकेको छ । सन् २०१७ मा चितवनको भरतपुरमा राजनीतिक कार्यकर्ताले केही मतपत्र च्यातेकाले मतगणनामा सुरक्षा प्रदान गर्नु नेपालको निर्वाचन प्रक्रियाको प्रमुख चुनौती मानिएको छ ।,"निर्वाचन आयोगले यस वर्षको स्थानीय तहको निर्वाचनमा मतगणनाको अनुगमनका लागि सिसीटिभी क्यामेराको प्रयोग गर्ने तयारी गरेको छ । यो कदमले सन् २०१७ मा पनि यस्तै तरिका अपनायो, जहाँ आयोगले हस्तक्षेप रोक्नका लागि मतगणना हललाई जालीले ढाकेको थियो। केन्द्रीय कार्यालयले काठमाडौँबाट मतगणनाको अनुगमन गर्ने र आयोगले सबै निर्वाचन कार्यालयलाई सबै मतगणना स्थलमा सिसी टिभी क्यामेरा जडान गर्न परिपत्र गरेको छ । सन् २०१७ मा चितवनको भरतपुरमा राजनीतिक कार्यकर्ताले केही मतपत्र च्यातेपछि नेपालको निर्वाचन प्रक्रियामा सुरक्षा प्रमुख चुनौती बनेको छ ।"
"भारतीय प्रधानमन्त्री नरेन्द्र मोदी यही जेठ १५ गते नेपाल आउँदै हुनुहुन्छ ।  आधिकारिक समाचार नआए पनि मोदी नेपाल आएर युनेस्कोले लुम्बिनीमा आयोजना गरेको बुद्ध जयन्तीको अवसरमा आयोजना गर्ने कार्यक्रममा सहभागी हुने निश्चित छ । भारतीय प्रधानमन्त्री मोदीको स्वागतका लागि सरकारले तयारी थालिसकेको छ । भारतीय प्रधानमन्त्री नरेन्द्र मोदीलाई स्वागत गर्न प्रधानमन्त्री शेरबहादुर देउवा लुम्बिनी जाने कार्यक्रम छ । सम्भवतः मोदीले उक्त क्षेत्रमा गुम्बा निर्माणका लागि शिलान्यास पनि गर्नेछन् । बितेका दशकहरूमा धेरै देशहरूले लुम्बिनी वरिपरि गुम्बाहरू निर्माण गरेका छन्। स्रोतका अनुसार नरेन्द्र मोदी सोही दिन स्वदेश फर्कनेछन् । उनी बिहान ११ बजे आइपुग्ने र साँझ ५ बजे प्रस्थान गर्ने कार्यक्रम छ ।  स्रोतका अनुसार नेपाली व्यवसायी विनोद चौधरी मोदीलाई लोकप्रिय तीर्थस्थल स्वर्गद्वारी लैजान चाहन्छन् । तर, भारतीय सुरक्षा अधिकारीहरूले भने सुरक्षाको प्रत्याभूति चाहेकाले त्यस्तो हुन नसक्ने बताएका छन् ।",बुद्ध जयन्तीका अवसरमा युनेस्कोले आयोजना गरेको कार्यक्रममा सहभागी हुन भारतीय प्रधानमन्त्री नरेन्द्र मोदी यही जेठ १५ गते नेपाल आउने भएका छन् । भारतीय प्रधानमन्त्री नरेन्द्र मोदीको स्वागतका लागि प्रधानमन्त्री शेरबहादुर देउवा लुम्बिनी जाने भएका छन् । मोदीले उक्त क्षेत्रमा गुम्बा निर्माणका लागि शिलान्यास गर्ने अपेक्षा गरिएको छ । उनी सोही दिन बिहान ११ बजे आइपुग्ने र साँझ ५ बजे प्रस्थान गर्ने कार्यक्रम छ । नेपाली व्यवसायी विनोद चौधरीले मोदीलाई प्रसिद्ध तीर्थस्थल स्वर्गद्वारी लैजान चासो देखाए पनि भारतीय सुरक्षा अधिकारीहरूले भने सुरक्षाको कारण त्यस्तो हुन नसक्ने बताएका छन् ।
"सर्वोच्च अदालतले नेपाल प्रहरीका नवनियुक्त प्रमुख धिरजप्रताप सिंहलाई काम गर्न नपाउने गरी अन्तरिम आदेश जारी गर्न अस्वीकार गरेको छ । बढुवाको दौडमा रहेका एआईजी विश्वराज पोखरेलले यस्तो आदेशको माग गर्दै अदालतमा रिट निवेदन दायर गरेका थिए । तर न्यायाधीश सुष्मालता माथेमाको एकल इजलासले सिंहले काम सुरु गरिसकेको भन्दै अन्तरिम आदेश दिएको थिएन । तर, पोखरेलले उठाएको प्रश्न कानूनी विचारका लागि मान्य हुने भएकाले यस विषयमा थप सुनुवाइ हुने इजलासले जनाएको छ । आजको फैसलाअनुसार अर्को सुनुवाइ यही जेठ १५ गते मात्र हुनेछ ।  सरकारले सिंहलाई नेपाल प्रहरीको महानिरीक्षकमा नियुक्त गरेको थियो । यो निर्णय राष्ट्रिय प्रहरी संगठनमा वरिष्ठता आदेशको उल्लङ्घनको रूपमा विवादास्पद बनेको थियो।  प्रथम स्थानमा विश्वराज पोखरेल र तेस्रोमा धीरजप्रताप सिंह थिए ।",सर्वोच्च अदालतले नेपाल प्रहरीका नवनियुक्त प्रहरी महानिरीक्षक धिरजप्रताप सिंहलाई काम गर्न नपाउने गरी अन्तरिम आदेश जारी गर्न अस्वीकार गरेको छ । एआइजी विश्वराज पोखरेलले यस्तो आदेशको माग गर्दै रिट दायर गरे पनि न्यायाधीश सुष्मालता माथेमाको एकल इजलासले अन्तरिम आदेश दिएको थिएन । यस मुद्दाको थप सुनुवाइ हुनेछ र अर्को सुनुवाइ मे ३१ मा हुनेछ। सरकारले आइतबार सिंहलाई नेपाल प्रहरी प्रमुखमा नियुक्त गरेपछि राष्ट्रिय प्रहरी संगठनमा वरिष्ठताक्रम उल्लङ्घन भएको भन्दै विवादित बनेको थियो । पोखरेल पहिलो स्थानमा थिए भने सिंह तेस्रो स्थानमा थिए ।
"निर्वाचन आयोगले आसन्न राष्ट्रियसभा निर्वाचनका लागि मतदाताको अन्तिम नामावली सार्वजनिक गरेको छ । राष्ट्रियसभाको निर्वाचन यही माघ १४ गते हुनेछ । आयोगले आइतबार एक विज्ञप्ति जारी गर्दै सातै प्रदेशका निर्वाचन अधिकृतको कार्यालयमा मतदाताको अन्तिम नामावली प्रकाशन गरिएको जनाएको छ । आयोगका अनुसार सात प्रदेशसभाका ५४९ र स्थानीय तहका एक हजार ४९८ मतदाता रहेका छन् । यद्यपि, प्रान्तहरू (जहाँ एक मत बराबर ५३ मत हुन्छ) बाट कुल मतभार २९,०९७ छ, जबकि स्थानीय तह (जहाँ एक मत बराबर ५३ मत बराबर हुन्छ) बाट २८,४६२ मत संचय हुन्छ।",निर्वाचन आयोगले आगामी माघ १४ गते हुने राष्ट्रियसभा सदस्य निर्वाचनका लागि मतदाताको अन्तिम नामावली सार्वजनिक गरेको छ । मतदाता नामावलीमा सात प्रदेशसभाका ५४९ र स्थानीय तहका एक हजार ४९८ मतदाता रहेका छन् । प्रदेशबाट २९ हजार ९७ र स्थानीय तहबाट २८ हजार ४ सय ६२ मतभार रहेको छ । अन्तिम नामावली सातै प्रदेशका निर्वाचन अधिकृतको कार्यालयमा प्रकाशित गरिएको थियो ।
"'त्रिभुवन विश्वविद्यालयको उपकुलपति नियुक्ति प्रक्रिया रद्द भएको छ। उपकुलपति नियुक्तिका लागि नाम सिफारिस गर्न गठित छनोट तथा सिफारिस समितिले सूचना जारी गर्दै दरखास्त आह्वान फिर्ता लिएको जनाएको छ । समितिले यही माघ १५ गते सूचना जारी गरी उपकुलपतिका लागि दरखास्त आह्वान गरेको थियो । सूचनामा उल्लिखित प्रावधानका बारेमा विवाद भएपछि उक्त प्रस्ताव फिर्ता लिइएको थियो । कुनै एक पदमा कम्तीमा तीन वर्ष (विशिष्ट वर्ष, महिना र दिन सहित) काम गरेका विश्वविद्यालयका पदाधिकारीको विवरणको प्रमाणित प्रतिलिपि आवश्यक पर्ने सूचना जारी भएपछि सरोकारवालाहरूले विरोध जनाएका थिए। विवादको जवाफमा कुलपति एवं प्रधानमन्त्री पुष्पकमल दाहाल 'प्रचण्ड'ले व्यक्तिगत रुपमा नयाँ सूचना जारी गर्न निर्देशन दिएका थिए । अब संशोधित सूचना जारी भएपछि मात्र त्रिविमा उपकुलपति नियुक्ति प्रक्रिया सुरु हुनेछ।","त्रिभुवन विश्वविद्यालयको उपकुलपति छनोट तथा सिफारिस समितिसँगको विवादका कारण उपकुलपति नियुक्ति प्रक्रिया रद्द भएको छ । समितिले गत पुस २८ गते एक सूचना जारी गरी उपकुलपतिका लागि दरखास्त आह्वान गरेको थियो, जसमा कम्तीमा तीन वर्षको विश्वविद्यालयका पदाधिकारीको विवरणको प्रमाणित प्रतिलिपि आवश्यक थियो । कुलपति एवं प्रधानमन्त्री पुष्पकमल दाहाल 'प्रचण्ड'ले नयाँ सूचना जारी गरेपछि सरोकारवालाले विरोध जनाएका थिए । त्रिविमा उपकुलपति नियुक्ति प्रक्रिया अब संशोधित सूचना जारी भएपछि मात्र सुरु हुने भएको छ ।"
"सरकारले पहिलो पटक त्रिभुवन विश्वविद्यालयको उपकुलपति खुला प्रतिस्पर्धाबाट नियुक्त गर्न लागेको छ । त्रिभुवन विश्वविद्यालयको उपकुलपति छनोट तथा सिफारिस गर्न गठित समितिले शुक्रबार एक सूचना जारी गर्दै खुला प्रतिस्पर्धाका लागि योग्य व्यक्तिबाट दरखास्त आह्वान गरेको हो । यसअघि प्रधानमन्त्री एवं त्रिभुवन विश्वविद्यालयका कुलपति पुष्पकमल दाहाल 'प्रचण्ड'ले मुलुककै सबैभन्दा ठूलो र पुरानो विश्वविद्यालयमा हुने राजनीतिक नियुक्तिको अन्त्य गर्दै मेरिटका आधारमा मात्र उपकुलपति नियुक्ति हुने घोषणा गरेका थिए । सिफारिस समितिको यो घोषणा योग्यताका आधारमा उपकुलपति नियुक्त गर्ने प्रधानमन्त्रीको प्रतिबद्धतासँग मेल खान्छ । यस प्रक्रियामा आवेदकले पेश गरेको योग्यता, अनुभव, अवधारणापत्र र चार वर्षे कार्ययोजनालाई उपकुलपति नियुक्तिका लागि विस्तृत रुपमा विचार गरिनेछ ।","सरकारले पहिलो पटक खुला प्रतिस्पर्धाबाट त्रिभुवन विश्वविद्यालयको उपकुलपति नियुक्त गर्ने भएको छ । उपकुलपति छनोट तथा सिफारिस गर्न गठित समितिले योग्य व्यक्तिबाट दरखास्त आह्वान गरेको छ । प्रधानमन्त्री पुष्पकमल दाहाल 'प्रचण्ड'ले मुलुकको सबैभन्दा ठूलो र पुरानो विश्वविद्यालयमा हुने राजनीतिक नियुक्तिको अन्त्य गर्दै योग्यताका आधारमा मात्र उपकुलपति नियुक्त गर्ने घोषणा गरेका छन् । यस प्रक्रियामा योग्यता, अनुभव, अवधारणा पत्र र चार वर्षे कार्ययोजनालाई विचार गरिनेछ ।"
"काठमाण्डाै – नेपाल र भारतका विदेशमन्त्रीहरूको संयुक्त आयोगको सातौँ बैठक बिहीबारदेखि काठमाडौँमा शुरु हुने भएको छ । बैठकमा सहभागी हुन परराष्ट्रमन्त्री एनपी साउदको निमन्त्रणामा भारतीय विदेशमन्त्री एस जयशङ्कर बिहीबार बिहान काठमाडौँ आउँदै हुनुहुन्छ । परराष्ट्र मन्त्रालयका अनुसार संयुक्त आयोगको बैठकमा दुई देशबीचको द्विपक्षीय सम्बन्ध र पारस्परिक सहयोगका महत्वपूर्ण विषयको समीक्षामा केन्द्रित हुनेछ । जयशंकरसँगै परराष्ट्र सचिव विनयमोहन क्वात्रा, नेपाल डेस्कका सहसचिव अनुराग श्रीवास्तव, विदेश मन्त्रालयका प्रवक्ता अरिन्दम बागची र विदेश मन्त्रालयअन्तर्गतको सीमा व्यवस्थापनका अधिकारीपनि सहभागी हुनेछन् । भारतीय वायु सेनाको विशेष विमानले भारतीय टोलीलाई नेपाल ल्याउनेछ । जयशंकरले राष्ट्रपति रामचन्द्र पौडेल, प्रधानमन्त्री पुष्पकमल दाहाल, नेपाली कांग्रेसका सभापति शेरबहादुर देउवा र एमाले अध्यक्ष केपी शर्मा ओलीसँग पनि भेटवार्ता गर्नेछन् ।","नेपाल र भारतका विदेशमन्त्रीहरूको संयुक्त आयोगको सातौँ बैठक बिहीबारदेखि काठमाडौँमा शुरु हुने भएको छ । विदेशमन्त्री एनपी साउदको निमन्त्रणामा भारतीय विदेशमन्त्री एस जयशंकर पनि सहभागी हुने छन् । बैठकमा दुई देशबीचको द्विपक्षीय सम्बन्ध र पारस्परिक सहयोगको समीक्षा गर्ने विषयमा छलफल हुनेछ । सम्मेलनमा विदेश मन्त्रालयका अन्य अधिकारी, नेपाल डेस्कका सहसचिव अनुराग श्रीवास्तव र सीमा व्यवस्थापनका अधिकारीहरु पनि सहभागी हुनेछन् ।"
कोशी प्रदेशका मुख्यमन्त्री हिक्मतकुमार कार्कीलाई शुक्रबार विराटनगरमा भएको मतदानमा प्रदेश सभाबाट विश्वासको मत प्राप्त गर्न नसकेपछि पदबाट हटाइएको छ । ९३ सदस्यीय प्रदेशसभामा एमालेका कार्कीको पक्षमा ४६ जनाले मात्र मतदान गरेका थिए ।  विसं २०२२ को नोभेम्बरमा भएको निर्वाचनपछि कार्की गत माघमा मुख्यमन्त्रीमा निर्वाचित भएका थिए । उनलाई आफ्नो पदमा रहनका लागि कम्तीमा ४७ मत आवश्यक थियो । मतदानमा ८९ जना मात्र उपस्थित थिए । संघीय गठबन्धनमा परिवर्तन भएपछि मुख्यमन्त्री हिक्मतकुमार कार्कीको पदावधि छोट्याइयो । नेकपा (माओवादी केन्द्र)ले सरकारबाट समर्थन फिर्ता लिएपछि कार्कीले विश्वासको मत लिनुपर्ने अवस्था सिर्जना भएको थियो । आफ्नो सरकार जोगाउनका लागि कार्कीले प्रदेशमा सर्वदलीय सरकार बनाउने प्रयास गरे पनि असफल भए । कार्कीले विश्वासको मत प्राप्त गर्न नसकेपछि कोशी क्षेत्रले अब नयाँ सरकार गठनको प्रक्रिया अघि बढाउने छ ।,कोशी प्रदेशका मुख्यमन्त्री हिक्मतकुमार कार्कीलाई प्रदेश सभाबाट विश्वासको मत प्राप्त गर्न नसकेपछि पदबाट हटाइएको छ । एमालेका ९३ सदस्यमध्ये ४६ जनाले मात्र कार्कीको पक्षमा मतदान गरेका थिए । संघीय गठबन्धनपरिवर्तन र नेकपा(माओवादी केन्द्र)को समर्थन फिर्ता लिएपछि कार्कीको कार्यकाल छोट्याइयो । कार्कीले सर्वदलीय सरकार बनाउने प्रयास गरे पनि असफल भए । कोशी क्षेत्रले अब नयाँ सरकार गठनको प्रक्रिया अघि बढाउनेछ ।
काठमाडौँ महानगरपालिका–१६ का वडाध्यक्ष मुकुन्द रिजालको बिहीबार निधन भएको छ । निमोनियाबाट पीडित रिजाललाई भदौ २९ गते ग्राण्डी अन्तर्राष्ट्रिय अस्पतालमा भर्ना गरिएको र उपचारका क्रममा बिहीबार बिहान ७ः३० बजे मृत्यु भएको अस्पतालका निर्देशक डा विनोद बिजुक्छेले जानकारी दिए । बिजुक्छेका अनुसार रिजालगम्भीर निमोनिया (भाइरल निमोनिया) बाट पीडित भई सघन उपचार कक्षमा उपचाररत थिए । उहाँ दोस्रो पटक कामपा–१६ को वडाध्यक्षमा निर्वाचित हुनुभएको थियो । उहाँका श्रीमती र दुई छोरा हुनुहुन्छ । उनको बिहीबार पशुपति आर्यघाटमा अन्त्येष्टि गरिने परिवारका एक सदस्यले जानकारी दिए ।,काठमाडौँ महानगरपालिका–१६ का वडाध्यक्ष मुकुन्द रिजालको निमोनियाका कारण निधन भएको छ । भदौ २८ गते ग्राण्डी अन्तर्राष्ट्रिय अस्पतालमा भर्ना भएका उनको उपचारका क्रममा मृत्यु भएको थियो । दोस्रो पटक निर्वाचित रिजालका श्रीमती र दुई छोरा छन् । उहाँको बिहीबार पशुपति आर्यघाटमा अन्त्येष्टि गरिने भएको छ ।
"काठमाडौं, साउन २८ : प्रतिनिधिसभाको बैठक साउन २८ गतेसम्मका लागि स्थगित भएको छ। सत्तारुढ गठबन्धन र एमालेबीच मंगलबार सहमति हुन नसकेपछि अर्को सदन अवरुद्ध भएको हो । एमालेले १०० किलो सुन तस्करी प्रकरणको छानबिन का लागि उच्चस्तरीय समिति गठन गर्न माग गर्दै आएको छ । सोमबार पनि एमालेले सदन अवरुद्ध गरेको थियो ।",सुन तस्करी प्रकरणको छानबिन का लागि उच्चस्तरीय समिति गठनको माग गर्दै आएको सत्तारुढ गठबन्धन र एमालेबीचको असहमतिका कारण प्रतिनिधिसभाको बैठक साउन २८ गतेसम्मका लागि स्थगित भएको छ ।
"मुख्यमन्त्री लिला गिरीले प्रदेशसभामा बहुमत सिद्ध गर्न नसकेपछि छिमेकी लुम्बिनी प्रदेशमा पनि सोमबार नेकपा (एमाले) नेतृत्वको सरकार ढलेको छ ।  दाङको प्रदेशसभामा आज भएको मतदानमा गिरीले ३३ मत प्राप्त गरेका थिए, जुन ११ मत ले खेर गएको थियो ।  उनको पक्षमा एमालेका २९ सांसदबाहेक राष्ट्रिय प्रजातन्त्र पार्टीका चार सांसदले मतदान गरेका थिए ।  सन् २०२२ को नोभेम्बरमा भएको निर्वाचनपछि गिरी गत माघमा मुख्यमन्त्रीमा निर्वाचित भएका थिए । संघीय गठबन्धनमा परिवर्तन भएपछि उनले लामो समयसम्म शासन गर्न सकेनन्, जसका कारण प्रदेशमा नेकपा(माओवादी केन्द्र)ले सरकारबाट समर्थन फिर्ता लिएपछि गिरीले परीक्षाको सामना गर्नुप¥यो । अहिले नेपाली कांग्रेस र माओवादी केन्द्रले नयाँ सरकार गठनको तयारी गरिरहेका छन् । तर, सरकारको नेतृत्व कसले गर्ने भन्ने निर्णय भने हुन सकेको छैन।","लुम्बिनी प्रदेशका मुख्यमन्त्री लिला गिरीले प्रदेशसभामा बहुमत जुटाउन नसकेपछि नेकपा (एमाले) नेतृत्वको सरकार ढलेको छ । गिरीले ३३ मत प्राप्त गरेका छन्, जुन आवश्यक संख्याभन्दा ११ मत कम हो । नेकपा (माओवादी केन्द्र)ले सरकारबाट समर्थन फिर्ता लिएपछि गिरीपरीक्षामा उत्रन बाध्य भएका थिए । नेपाली कांग्रेस र माओवादी केन्द्रले नयाँ सरकार गठनको तयारी गरिरहेका छन् तर सरकारको नेतृत्व कसले गर्ने भन्ने टुङ्गो लाग्न सकेको छैन ।"
"गण्डकी प्रदेशका मुख्यमन्त्री खगराज अधिकारीले शनिबार पोखरामा भएको मतदानमा विश्वासको मत प्राप्त गर्न नसकेपछि पद गुमाएका छन् । ६० सदस्यीय प्रदेशसभामा २४ जनाले मात्र नेकपा (एमाले)का अधिकारीको पक्षमा मतदान गरेका थिए । अधिकारी सन् २०२२ को नोभेम्बरमा भएको निर्वाचनपछि गत जनवरीमा मुख्यमन्त्रीमा निर्वाचित भएका थिए ।  संघीय गठबन्धनमा परिवर्तन भएपछि उनले लामो समयसम्म शासन गर्न सकेनन्, जसपछि प्रदेशमा नेकपा(माओवादी केन्द्र)ले सरकारबाट समर्थन फिर्ता लिएपछि अधिकारीलाई परीक्षणको सामना गर्नुपरेको थियो। अहिले नेपाली कांग्रेस र माओवादी केन्द्रले नयाँ सरकार गठनको तयारी गरिरहेका छन् । तर, सरकारको नेतृत्व कसले गर्ने भन्ने निर्णय भने हुन सकेको छैन।",गण्डकी प्रदेशका मुख्यमन्त्री खगराज अधिकारीले प्रदेशसभाबाट विश्वासको मत प्राप्त गर्न नसकेपछि पद गुमाएका छन् । ६० सदस्यमध्ये २४ जनाले मात्र उनको पक्षमा मतदान गरेका थिए । अधिकारी सन् २०२२ को जनवरीमा निर्वाचित भए पनि संघीय गठबन्धनमा भएको परिवर्तनका कारण लामो समयसम्म शासन गर्न सकेनन् । नेपाली कांग्रेस र माओवादी केन्द्रले नयाँ सरकार गठनको तयारी गरे पनि नेताबारे निर्णय भने गरेका छैनन् ।
सर्वोच्च अदालतले अधिकांश मन्त्रालय रहेको संघीय सरकारको केन्द्रीय प्रशासनिक परिसर सिंहदरवारबाट फोहर उठाउने काम पुनः सुरु गर्न काठमाडौं महानगरपालिकाका प्रमुख बालेन शाहलाई आदेश दिएको छ । अधिवक्ता पदमबहादुर श्रेष्ठले दायर गरेको रिट निवेदनमाथि सुनुवाइ गर्दै न्यायाधीश प्रकाशमानसिंह राउतको एकल इजलासले तत्काल फोहर व्यवस्थापन गर्न आदेश दिएको हो । संघीय सरकारले स्थानीय तहलाई सहयोग नगरेको भन्दै शाहले कम्प्लेक्सबाट फोहर उठाउन छाडेको झण्डै दुई साता बितिसकेको छ । उहाँका चिन्ता र गुनासाहरू बारे यहाँ थप पढ्नुहोस्।,सर्वोच्च अदालतले काठमाडौं महानगरपालिकाका प्रमुख बालेन शाहलाई संघीय सरकारको केन्द्रीय प्रशासनिक परिसर सिंहदरवारबाट फोहर संकलन गर्न आदेश दिएको छ । अधिवक्ता पदमबहादुर श्रेष्ठले संघीय सरकारले स्थानीय तहलाई असहयोग गरेको भन्दै दायर गरेको रिट निवेदनमाथि सुनुवाइ गर्दै उक्त आदेश जारी भएको हो ।
काठमाडौं । नेपाल विद्युत प्राधिकरणले विद्युत महसुल रकम बुझाउन ६० दिनको समय दिएको छ। प्राधिकरणले मंगलबार सूचना निकाल्दै तिर्न बाँकी बक्यौता रकम ६० दिनभित्र किस्तामा तिर्न सकिने बताएको हो। यही पुस १६ गतेको प्राधिकरणको बैठकले विद्युत सेवा प्राप्त गरी बक्यौता रकम बाँकी रहेका लागि किस्ताबन्दीमा रकम बुझाउने व्यवस्था गर्ने निर्णय गरेको थियो । निर्णय अनुसार प्राधिकरणका विभिन्न संचरणाबाट विद्युत सेवा प्राप्त गरेका सेवाग्राहीका लागि बढीमा ६० महिनासम्मको किस्ताबन्दीको व्यवस्था गरिनेछ । यो सेवा लिनका लागि प्राधिकरणको सम्बन्धित वितरण केन्द्रमा ३० दिनभित्र आवेदन दिन सूचना जारी गरिएको छ ।,"नेपाल विद्युत प्राधिकरणले विद्युत महसुल रकम बुझाउनको लागि ६० दिनको समय दिएको छ र सूचना निकाल्दै तिर्न बाँकी बक्यौता रकमलाई ६० दिनभित्र किस्तामा तिर्न सकिने बताएको हो। विभिन्न संचरणाबाट विद्युत सेवा प्राप्त गरेका सेवाग्राहीहरूले ६० महिनासम्मको किस्ताबन्दीको व्यवस्था लागू हुनेछ, र यो सेवा लिनका लागि ३० दिनभित्र आवेदन दिनको निर्देशन गरिएको छ।"
"ललितपुर । ललितपुरको जावलाखेलमा रहेको एक इनारमा खसेका व्यक्तिको सकुशल उद्धार गरिएको छ । जावलाखेलको कुसुन्ती स्थित एक घरको कम्पाउण्डमा रूख काट्ने क्रममा लडेर ३५ फिट गहिरो इनारभित्र खसेका ४० वर्षीय रामशरण सापकोटाको ललितपुर नगर प्रहरीले सोमबार साँझ सकुशल उद्धार गरेको हो ।  घर धनीले खबर गर्ने बित्तिकै नगर प्रहरीले उनको उद्धार गरेको ललितपुर नगर प्रहरी प्रमुख सिताराम हाछेथुले रातोपाटीलाई जानकारी दिए ।  सापकोटालाई बन्जीजम्पमा प्रयोग गरिने डोरी र क्लिपको सहयोगमा इनार बाहिर निकालिएको उनले बताए । इनारनजिकको रुख काट्ने क्रममा सापकोटा इनारमा खस्न पुगेका थिए । इनारमा रहेको पाइपमा समाएर टाउको पानीमाथि निकालेको बसेको र नगर प्रहरी तत्काल घटनास्थल पुगेकोले उनको जीवितै उद्धार सम्भव भएको हाछेथुले बताए । उद्धार लगत्तै सापकोटालाई पाटन अस्पताल लगिएकोमा खतरामुक्त रहेकोले उनको डिस्चार्ज भइसकेको छ ।  ललितपुर महानगरपालिकाका मेयर चिरिबाबु महर्जनले दमकल, नगर प्रहरी र एम्बुलेन्स एउटै छानामुनी रहने प्रबन्ध मिलाएकोले विपत्तिको समयमा उद्धारको लागि सहज भएको हाछेथु बताउँछन् । सोमबार पनि इनारमा मन्छे खसेको खबर पहिला दमकलमा आएको थियो । सँगै रहेको नगर प्रहरीले तत्काल थाहा भएकोले तुरुन्त उद्धार सम्भव भएको थियो ।  ललितपुरमा कुनै समस्या परेमा तथा उद्धारको आवश्यकता परेमा तत्काल नगर प्रहरीलाई ११३१ मा सोझै सम्पर्क गर्न पनि हाछेथुले  आग्रह गरे ।","ललितपुरको जावलाखेलमा एक इनारमा फसेका व्यक्तिको सफल उद्धार गरिएको छ। सोमबार साँझ, ३५ फिट गहिरो इनारमा फसेका ४० वर्षीय रामशरण सापकोटालाई ललितपुर नगर प्रहरीले उद्धार गरेको हो। सापकोटाले जानकारी दिएको अनुसार, उनले एक घरको कम्पाउण्डमा रूख काट्न गएको क्रममा इनारमा फसेका थिए। इनारको बाहिर निकाल्नका लागि सापकोटाले बन्जीजम्प र क्लिपको सहयोग प्राप्त गरेका थिए।। सापकोटालाई पाटन अस्पतालमा चेकअप गराइएर खतरामुक्त रहेको उनको डिस्चार्ज भयको जानकारी छ। ललितपुर महानगरपालिका मेयर चिरिबाबु महर्जनले उद्धारको लागि सहयोगको प्रबन्ध गरिएकोले विपत्तिको समयमा उद्धार गर्न सहज बनाएको बताएका छन |"
"काठमाडौँ ।  राष्ट्रियसभा सदस्य निर्वाचनअन्तर्गत आज दाबी विरोध र उजुरीको कार्यतालिका रहेको छ । हिजो मनोनयन दर्ता गरेका उम्मेदवारविरुद्ध आज दाबी विरोध र उजुरी दिन सकिने आयोगले जनाएको छ ।  पुस २५ र २६ गते मनोनयनपत्र र उजुरीमाथि जाँचबुझ गरी नामावली प्रकाशित गर्ने, पुस २७ गते उम्मेदवारले नाम फिर्ता लिने तथा अन्तिम नामावली प्रकाशन गर्ने र पुस २८ गते उम्मेदवारलाई निर्वाचन चिह्न वितरण हुने कार्यसूची छ । आगामी माघ ११ गते हुन लागेको राष्ट्रियसभा सदस्यको निर्वाचनका लागि हिजो सातै प्रदेशका सम्बन्धित निर्वाचन कार्यालयमा विभिन्न समूहका लागि ५२ उम्मेदवारको मनोनयनपत्र दर्ता भएको छ । कूल १९ सिटका लागि हुने निर्वाचनमा सातै प्रदेशमा महिला समूहतर्फ १७, दलित समूहतर्फ छ, अपाङ्गता भएका व्यक्ति वा अल्पसङ्ख्यक समुदायतर्फ  आठ, र अन्य समूहतर्फ २१ गरी जम्मा ५२ उम्मेदवारको मनोनयनपत्र दर्ता भएको निर्वाचन आयोगले जनाएको छ ।",राष्ट्रियसभा सदस्य निर्वाचनको तहमा आज दाबी विरोध र उजुरीको कार्यतालिका जारी गरिएको छ। उम्मेदवारहरू विरुद्ध दाबी र उजुरी दिनका लागि आयोगले सूचना जारी गरेको छ। माघ ११ गते हुने निर्वाचनमा लागेको आयोगले समूहबाट ५२ उम्मेदवारको मनोनयनपत्र दर्ता गरेको छ।
"काठमाडौँ । नेपालमा पश्चिमी वायुको आंशिक प्रभाव रहेको छ। जसको प्रभावले हाल कोशी प्रदेशको पहाडी भूभागमा आंशिक बदली रही बाँकी भ(भागमा मौसम मुख्यतया सफा रहेको छ । तराईका अधिकांश भूभागहरूमा हुस्सु लागेको अवस्था छ । आज दिउँसो गण्डकी, लुम्बिनी, कर्णाली र सुदूरपश्चिम प्रदेश लगायत कोशी प्रदेशका पहाडी भूभागमा आंशिक बदली रही बाँकी भूभागमा मौसम मुख्यतया सफा रहनेछ। कोशी, गण्डकी र कर्णाली प्रदेशको उच्च पहाडी तथा हिमाली भूभागको एक–दुई स्थानमा हल्का हिमपातको सम्भावना रहेको छ। राति भने लुम्बिनी, कर्णाली र सुदूरपश्चिम प्रदेश लगायत कोशी प्रदेशको पहाडी भूभागमा आंशिक बदली रहनेछ। कोशी, गण्डकी र कर्णाली प्रदेशको उच्च पहाडी तथा हिमाली भूभागको एक–दुई स्थानमा हल्का हिमपातको सम्भावना रहेको छ।","नेपालमा पश्चिमी वायुको आंशिक प्रभावमा कोशी प्रदेशको पहाडी भूभागमा मौसममा बदली हुँदैछ, बाँकी भूभागमा स्वस्थ मौसम रहेको छ। तराईमा हाल हुस्सु लागेको अवस्था छ। कोशी, गण्डकी, र कर्णाली प्रदेशको उच्च पहाडी र हिमाली भूभागमा हल्का हिमपातको सम्भावना छ। राति लुम्बिनी, कर्णाली, र सुदूरपश्चिम प्रदेशमा पनि पहाडी भूभागमा आंशिक बदली हुँदै रहनेछ।"
"काठमाडौँ । काठमाडौँदेखि बैंकक उड्न लागेको नेपाल वायुसेवा निगमको जहाज ग्राउन्डेड भएको छ । सोमबार दिउँसो १५० जना यात्रु लिएर बैंकक उड्न लागेको निगमको एयरबस ३२०, आरए ४०१ नम्बरको जहाजमा प्राविधिक समस्या देखिएपछि ग्राउन्डेड बन्न पुगेको हो। बोर्डिङ पास भएर यात्रुहरु जहाज चढिसकेको अवस्थामा  जहाज रन वे प्रवेश गर्नै लाग्दा हाइड्रोलिकमा समस्या आएपछि रोकिन पुगेको निगमका प्रवक्ता रमेश पौडेलले जानकारी दिए । तत्काल जहाज चेकजाँच गर्दा बन्न नसकेको र विकल्पमा अर्को जहाज समेत नहुँदा बोर्डिङ पास भइसकेका यात्रुहरुलाई उडाउन नसकिएको उनले जानकारी दिए । हवाई व्यवस्था नियम अनुसार निगमले सम्पूर्ण यात्रुलाई आज होटलमा राखेको छ । मंगलवार सोही उडानमार्फत बिहानको साढे ११ बजे यात्रुहरुलाई बैंकक पठाइने पौडेलले रातोपाटीसँग बताए । ग्राउन्डेड जहाज अहिले प्राविधिक टोलीले मर्मत गर्दैछ ।","काठमाडौंको त्रिभुवन अन्तर्राष्ट्रिय विमानस्थलबाट बैंकक उड्न लागेको नेपाल वायुसेवा निगमको एयरबस ३२०, आरए ४०१ नम्बरको जहाजले सोमबार दिउँसोमा १५० यात्रुहरूलाई लिएर प्राविधिक समस्याबाट ग्राउन्डेड भएको छ। यात्रुहरूले जहाजमा चढेको अवस्थामा हाइड्रोलिक समस्या देखिएकोले जहाजले उडाउन नसकेको हो। निगमले जहाज चेक गर्दै बन्न नसकेको र अर्को जहाज नचढेको कारण बोर्डिङ पास भएका यात्रुहरूलाई उडाउन नसकिएको जनाएको छ। विमानस्थलमा हवाई व्यवस्था नियमअनुसार निगमले सबै यात्रुहरूलाई होटलमा राखेको छ। गत मंगलवार सम्मका दिनहरूमा मर्मत गरेको जहाज अहिले पनि प्राविधिक टोलीले मर्मत गरिरहेको छ।"
"वीरगञ्ज । नेकपा (एकीकृत समाजवादी) का अध्यक्ष तथा पूर्वप्रधानमन्त्री माधवकुमार नेपालले नेपाली जनताले अब कुनै पनि राजा वा महाराजालाई नस्वीकार्ने बताएका छन् । नेकपा (एकीकृत समाजवादी) पर्साद्वारा आज यहाँ आयोजित पार्टी प्रवेश कार्यक्रममा अध्यक्ष नेपालले नेपाली जनताको बलिदान र त्यागबाट प्राप्त भएको गणतन्त्र बलियो भइसकेकाले अब कुनै पनि राजा वा महाराजा स्वीकार्य नहुने बताए । “हामीले सङ्घर्ष गरेर ल्याएको गणतन्त्र बलियो भइसक्यो”, उनले भने, “अब गणतन्त्रलाई कसैले मास्न सक्दैन ।” संविधानमा केही त्रुटी भएको र त्यसमा सुधार ल्याएर अघि बढ्नु जरुरी रहेको उनले बताए । शिथिल बनेको मुलुकको अर्थतन्त्रलाई चलायमान बनाउन अहिलेको भन्सार नीतिमा सुधार ल्याउनुपर्नेमा जोड दिँदै उनले उद्योगी व्यवसायीलाई सहुलियत प्रदान गर्नुपर्ने धारणा राखे । अर्थतन्त्रलाई मजबुत बनाउन कृषिमा आधुनिकीकरण आवश्यक रहेको उल्लेख गर्दै अध्यक्ष नेपालले कृषि उत्पादनलाई उद्योगसँग जोड्न सकिए मुलुकको अर्थतन्त्रले फड्को मार्ने र बेरोजगारी समस्या समाधान हुने दाबी गरे । भ्रष्टाचार देशकै महारोग भएकाले यसबाट मुलुकलाई जोगाउनुपर्ने बताउँदै उनले भ्रष्टाचारको अन्त्य र सुशासन प्रवर्द्धन नभएसम्म विकास र सम्बृद्धि सम्भव नभएको जिकिर गरे । सो पार्टीका नेता तथा पूर्वमन्त्री नागेन्द्र चौधरी, प्रतिनिधिसभा सदस्य एवं पूर्वमन्त्री किसान श्रेष्ठले पार्टी सङ्गठनलाई सुदृढ पार्न जनता केन्द्रित अभियानका साथ गाउँगाउँ पुग्न नेता कार्यकर्तालाई निर्देशन दिए । विभिन्न पार्टी परित्याग गरेका नेता कार्यकर्तालाई अध्यक्ष नेपालले अबिर, माला लगाएर पार्टी प्रवेश गराए ।","नेपाल कम्युनिष्ट पार्टी (एकीकृत समाजवादी) का अध्यक्ष माधवकुमार नेपालले बोर्ड द्वारा पारित भएका नेताहरूलाई स्थायी सदस्य बनाएर पार्टीको एकता बढाएका छन्। उनले राजा वा महाराजालाई स्वीकार नगरी, गणतन्त्रको बलिदानले प्राप्त गरेको शक्ति बनाएकोमा जोर दिएका छन्। नेपालले संविधानमा सुधार गर्ने तथा कृषि र उद्योगलाई एकीकृत गर्दै अर्थतन्त्रलाई मजबूत बनाउने आवश्यकता बोकेका छन्। उनले राजनीतिक भ्रष्टाचार र बेरोजगारी समस्यामा सहारा पनि पुर्याएका छन्। परिच्छेदमा बाहेक पनि बिभिन्न पार्टीबाट निष्कासित गरेका नेता-कार्यकर्तालाई नेपालले पुनः पार्टीमा सम्मिलित गरेका छन्, जसले पार्टीको पुनर्जीवनमा सहयोग पनि पुर्याएको हो।"
काठमाडौँ । जिल्ला अदालत काठमाडौँले सुन तस्करी प्रकरणमा पक्राउ परेका आठ जनालाई पुर्पक्षका लागि थुनामा पठाउने आदेश दिएको छ । न्यायाधीश शङ्करबहादुर राईको इजलासले निजहरूलाई पुर्पक्षका लागि थुनामा पठाउन आदेश दिएको हो । उक्त प्रकरणमा संलग्न रहेको भनिएका दुई जना अझै फरार छन् । दुबईबाट १४ किलो सुन लिएर आएका गोरखाका चन्द्र घलेलाई पक्राउ गरेपछि तस्करीबारे थप विवरण सार्वजनिक भएको थियो । विमानस्थल भन्सार कार्यालयले अनुसन्धान गर्दा उक्त समूहले एक सय ३८ किलो सुन तस्करी गरेको उल्लेख गरेको थियो ।,न्यायाधीश शङ्करबहादुर राईको इजलासले सुन तस्करी प्रकरणमा पक्राउ परेका आठ जनालाई पुर्पक्षका लागि थुनामा पठाउने आदेश दिएको छ। विमानस्थल भन्सार कार्यालयले गोरखाका चन्द्र घलेलाई जिल्ला अदालतको आदेशमा बचाएको १४ किलो सुन लिएर आएको तस्करी गरेको जनाएको थियो। दुबईबाट आएका थिए । प्रकरणमा दुवै जना फरार छन्।
काठमाडौँ । राष्ट्रियसभाका अध्यक्ष गणेशप्रसाद तिमिल्सिना र आयरल्याण्डको माथिल्लो सभा शाअनड एरेनका अध्यक्ष  जेरी बट्टिमरबीच आज भेटवार्ता भएको छ । नेपालको पाँचदिने औपचारिक भ्रमणमा रहेका अध्यक्ष बट्टिमरले सिंहदरबारस्थित अध्यक्ष तिमिल्सिनाको कार्यकक्षमा भेटवार्ता गरेका हुन् । भेटवार्ताका क्रममा अध्यक्ष तिमिल्सिनाले युरोपियन युनियनले नेपालमाथि लगाएको हवाई प्रतिबन्ध खुल्ला गरिदिन आग्रह गरेका थिए । उनले हवाई प्रतिबन्धका कारण नेपालको अर्थतन्त्र र पर्यटनमा नकारात्मक असर परेको बताउँदै आयरल्याण्ड इयूको सक्रिय सदस्य भएका कारण नेपाली विमानमाथि युरोपेली आकाशमा लागेको प्रतिबन्ध हटाउन  सकारात्मक पहल र परिणाम आउनेमा विश्वस्त व्यक्त गरे  । उनले आयरल्याण्डमा नेपाली विद्याथर्थीका लागि छात्रवृत्ति बढाउन आग्रह गर्दै त्यसबाट उत्पादित दक्ष जनशक्तिलाई नेपालको विकास र समृद्धिमा लगाउन सकिने समेत उल्लेख गरे ।  भेटवार्ताका क्रममा आयरल्याण्डका माथिल्लो  सदनका अध्यक्ष बट्टिमरले आफू नेपाल भ्रमणबाट फर्केपछि हवाई प्रतिबन्ध हटाउने विषयमा संवाद र छलफल अगाडि बढाउनेमा विश्वास दिलाएको अध्यक्ष तिमिल्सिनाको सचिवालयले जनाएको छ ।,राष्ट्रियसभाका अध्यक्ष गणेशप्रसाद तिमिल्सिना र आयरल्याण्डको माथिल्लो सभा शाअनड एरेनका अध्यक्ष जेरी बट्टिमरबीच भइरहेको भेटवार्ता अहिले सम्पन्न भएको छ। तिमिल्सिनाले आयरल्याण्डमा नेपाली विद्याथर्थीहरूको लागि छात्रवृत्ति बढाउने आग्रह गरेका हुन् र आफू नेपालको अर्थतन्त्र र पर्यटनमा नकारात्मक असर परेको बताएका हुन्। बट्टिमरले नेपाली विमानमाथि युरोपेली आकाशमा लागेको प्रतिबन्ध हटाउन कसरी सहयोग पनि गर्न सकिन्छ भन्ने छलफल गरेका हुन्।
"काठमाडौँ । स्वास्थ्य तथा जनसङ्ख्या मन्त्री मोहनबहादुर बस्नेतले स्वास्थ्य क्षेत्रको दरबन्दी बढाउने तयारी भइरहेको बताएका छन् ।   आज काठमाडौँ नरदेवी आयुर्वेद चिकित्सालयले आयोजना गरेको राष्ट्रिय योग दिवसका अवसरमा आयोजित सप्ताहव्यापी आयुर्वेद तथा योगसम्बन्धी कार्यक्रमको शुभारम्भ कार्यक्रममा मन्त्री बस्नेतले लामो समयदेखि दरबन्दी थप नभएकाले अब दरबन्दी थप गर्न लागिएको जानकारी दिए ।  उनले भने, “देशभरमा अहिले ९२ हजार स्वास्थ्यकर्मी तत्काल आवश्यक छ । तर आवश्यकताभन्दा कम दरबन्दी भएकाले थप गर्न लागिएको हो ।” लामो इतिहास बोकेको नरदेवी आयुर्वेद चिकित्सालयलाई सरकारले विशेष ध्यान दिने उनको भनाइ छ । आयुर्वेदिक उपचार महत्त्वपूर्ण उपचार पद्धति रहेको भए पनि सरकारले जति ध्यान दिनुपर्ने हो त्यसरी दिन नसकेको उनको भनाइ थियो ।  त्यस अवसरमा नरदेवी आयुर्वेद चिकित्सालयका निर्देशक डा श्यामबाबु यादवले अस्पतालको भौतिक पक्ष थप बलियो बनाउन र जनशक्ति वृद्धि गर्नका लागि मन्त्रीसमक्ष आग्रह गरे । उनले निकट भविष्यमै यस अस्पतालमा सिटीस्क्यान सेवासमेत सुरु गर्ने तयारी रहेको जानकारी दिए । अस्पतालमा निःशुल्क उपलब्ध हुने शय्या बढाएर १५ बाट २५ पुर्‍याइएको जानकारी दिँदै उनले सम्पूर्ण बिरामीलाई निःशुल्क उपलब्ध गराइएको बताए । अस्पताललाई आगामी दिनमा अन्तर्राष्ट्रिय अस्पतालका रुपमा विकास गर्नका लागि निरन्तर प्रयास भइरहेको पनि उनको भनाइ थियो । अस्पताल १९७४ सालमा स्थापना भएको थियो । हाल अस्पतालमा एक सय १८ शय्या छन् ।","स्वास्थ्य तथा जनसङ्ख्या मन्त्री मोहनबहादुर बस्नेतले स्वास्थ्य क्षेत्रमा दरबन्दी बढाउने तयारी गरेको बताएका छ। राष्ट्रिय योग दिवसका अवसरमा आयोजित सप्ताहव्यापी आयुर्वेद तथा योगसम्बन्धी कार्यक्रममा मन्त्री बस्नेतले लामो समयदेखि दरबन्दी थप नभएकाले अब दरबन्दी थप गर्न लागिएको जानकारी दिएका हुन्। उनले देशभरमा अहिले ९२ हजार स्वास्थ्यकर्मीको तत्काल आवश्यकता छ भन्ने बताए र थप दरबन्दी गर्ने कार्यमा लागिएको जनाएका हुन्। नरदेवी आयुर्वेद चिकित्सालयले आयोजना गरेको कार्यक्रममा मन्त्री बस्नेतले आयुर्वेद चिकित्सामा सरकारको ध्यान दिने बढाइको बताएका छन्। आयुर्वेदिक उपचारले महत्त्वपूर्ण योगदान पुर्याउँछ र सरकारले यसमा ध्यान दिन उनले भने, आयुर्वेद चिकित्सालाई विशेष ध्यान दिने भनाइ गरेका छन्। नरदेवी आयुर्वेद चिकित्सालयका निर्देशक डा श्यामबाबु यादवले अस्पतालको भौतिक पक्ष थप बलियो बनाउने र जनशक्ति वृद्धि गर्नका लागि मन्त्रीसमक्ष आग्रह गरेका हुन्। उनले आफू नेपाली विमानमा रोगीहरूको सेवा पुनर्निर्माण गरेको बताए।"
"काठमाडौँ । प्रधानमन्त्री एवं नेपाल कम्युनिस्ट पार्टी (माओवादी केन्द्र) का अध्यक्ष पुष्पकमल दाहाल ‘प्रचण्ड’ले नीति निर्माणमा जनताको नियमन, निगरानी र हस्तक्षेप आवश्यक रहेको बताएका छन् ।  जनतासँग माओवादी विशेष रूपान्तरण अभियानको समापनका अवसरमा बागमती प्रदेश, उपत्यका विशेष प्रदेश र सम्पर्क समन्वय प्रदेशद्वारा आज संयुक्त रूपमा आयोजित समीक्षा बैठकमा प्रधानमन्त्रीले शासन प्रणालीमा जनताको निगरानी र हस्तक्षेप लागू गर्न चाहेको बताए । सरकारको नीति तथा कार्यक्रम र बजेटको परम्परागत ढाँचा बदलेर जनप्रतिनिधि र जनताको प्रत्यक्ष सहभागिता हुने ढाँचामा प्रस्तुत गर्ने तयारी गरिएको उनले बताए । उनले भने, “आज दिनभरि सिंहदरबारमा बसेर सरकारको नीति तथा कार्यक्रम र बजेटमा क्रमभङ्ग गर्नेबारे छलफल भएको छ, बजेटको परम्परागत ढाँचाले देशको विकास र रूपान्तरण सम्भव छैन भनेर नै मैले अघिल्लो वर्ष बजेटको ढाँचा बदल्ने कुरा गरेको थिएँ, आज त्यसको थालनी भएको छ ।” प्रधानमन्त्री प्रचण्डले नीति तथा कार्यक्रम प्रस्तुत भएपछि त्यसमाथि व्यापक बहस हुने र त्यसका आधारमा बजेट बनाइने बताउँदै भने, “यो सबैभन्दा लोकतान्त्रिक ढाँचा र प्रक्रिया हो, सरकारको नीति तथा कार्यक्रम, बजेटमा जनता र जनप्रतिनिधिको निगरानी, नियन्त्रण एवं हस्तक्षेप चाहिन्छ भनेर नै यो विधि अपनाउँदै छौँ ।” उनले भने, “हामीले २१औँ शताब्दीको जनवादमा भनेका थियौँ, राज्यमा जनताको निगरानी, नियन्त्रण र हस्तक्षेप लागू गर्नेछौँ, यो पनि आफैँमा त्यसको एक रूप हो ।” सरकारले एक वर्षको अवधिमा नयाँ काम गरेको र आगामी वर्ष अझ प्रभावकारी कार्ययोजनाका साथ अगाडि बढ्ने प्रधानमन्त्रीले बताए । उनले भने, “सरकारले एक वर्षको अवधिमा राम्रा काम गरेको छ । इतिहासमै नभएको भ्रष्टाचारविरूद्धको अनुसन्धान भएको छ, सेवा प्रवाह र सुशासनमा पनि आवश्यक प्रयास जार छ । यसले देशभित्र र बाहिर उत्साह थपेको छ । यसमा नै टेकेर आगामी वर्ष अझ राम्रो गरिनेछ, सिङ्गो पार्टीले सरकारलाई सहयोग गरोस् ।” अध्यक्ष प्रचण्डले चाँडै नै पार्टीको स्थायी समिति बैठक बसेर विधान सम्मेलनको तयारी गरिने र त्यसपछि पार्टी अझ व्यवस्थित बन्ने बताए । उनले भने, “पार्टी विधानको मस्यौदा तयार भएको छ । चाँडै स्थायी समितिको बैठक हुनेछ । पार्टीको  विधान तल्ला कमिटीमा पठाउने निर्णय गर्छौँ । विधान सम्मेलन अभियानका रूपमा अगाडि बढ्छ । यस बीचमा पार्टी एकताको प्रक्रिया पनि अगाडि बढाइनेछ, समाजवादी मोर्चा पनि सुदृढ हुँदै जानेछ ।”","प्रधानमन्त्री पुष्पकमल दाहाल ‘प्रचण्ड’ले माओवादी विशेष रूपान्तरण अभियानको समापन पछि नीति निर्माणमा जनताको निगरानी, नियन्त्रण, र हस्तक्षेप लागू गर्ने योजना बताएका छन्। उनले सरकारको नीति तथा कार्यक्रम, बजेटमा नयाँ ढाँचा लागू गरी जनप्रतिनिधि र जनताको सहभागिता बढाउने क्रममा काम गर्ने यो तयारी गरेका हुन्। उनले सामाजिक सांस्कृतिक समृद्धि र सामृद्धिका लागि पनि सरकारको प्रतिबद्धता जनाएका हुन्। यस अवसरमा सरकारले बुद्धजन्मस्थलमा बौद्ध शान्ति यात्रा तथा प्रदुत्सवका लागि अन्य देशबाट पर्यटक आउने गरी विशेष योजना बनाउने यो घोषणा गरेका छन्। प्रधानमन्त्रीले अरुपर क्षेत्रमा पनि विभिन्न योजनाहरूलाई अगाडि बढाउने योजना बताएका हुन्।"
"काठमाडौँ । काठमाडौँको तीनकुनेमा केन्द्रीय कार्यालय रहेको रियल गोर्खा बचत तथा ऋण सहकारी संस्थाका अध्यक्ष पक्राउ परेका छन् । पक्राउ पर्नेमा सहकारीको रकम हिनामिना गरेको आरोपमा फरार रहेका डोटी घर भएका ३१ वर्षीय हर्कबहादुर कठायत रहेका छन् । उनीसँगै सहकारीको सदस्य रहेका विनोद कुमार ओझा पनि पक्राउ परेका छन् । ३५ वर्षीय ओझा भने काभ्रे निवासी हुन् ।  जोरपाटी र भक्तपुर जिल्ला भित्रका सहकारीका शाखा कार्यालयहरूका सञ्चालक समितिका सदस्यहरूले निक्षेपकर्ताहरुलाई आकर्षक ब्याजदर दिन्छु भनी प्रलोभन देखाई ठगी गरेको आरोप छ । निक्षेप कर्ताको रकम सहकारी मुद्दती, निक्षेप, आवधिक बचत, शेयर तथा विभिन्न बचत खातामा जम्मा गर्न लगाई मासिक/त्रैमासिक/वार्षिक रूपमा ब्याज पाउने र निर्धारित अवधि नाघेपछि निक्षेपको सम्पूर्ण साँवा, ब्याज फिर्ता पाउने विश्वासका साथ उक्त संस्थामा बचतकर्ताहरूले जम्मा गरेको रकम पटक-पटक ताकेता गर्दा पनि फिर्ता नदिएको केन्द्रीय अनुसन्धान ब्यूरोको भनाई छ । आफ्नो निक्षेप जोखिममा रहेको ठानेर सम्बन्धित संस्थाका कर्मचारी तथा पदाधिकारीहरूलाई लामो समयदेखि ध्यानाकर्षण गराउँदा समेत नियमानुसार पाउनु पर्ने निक्षेप तथा सोको ब्याज रकम उपलब्ध गराइदिने तर्फ आवश्यक पहल नगरी उनीहरूले संस्था नै बन्द गरेका थिए । ब्यूरोका अनुसार बचतकर्ताहरूको हालसम्म प्राप्त जाहेरी अनुसार १२ करोड ३५ लाख ४८ हजार २ सय २ रुपैयाँ बयानब्बे पैसा बचत रकम अपचलन तथा हिनामिना भएको छ । कठायत र ओझालाई  पुस १८  गते पक्राउ गरी आवश्यक अनुसन्धान भइरहेको प्रवक्ता प्रहरी उपरीक्षक नवराज अधिकारीले जानकारी दिए ।","गत पुस १८ गते, काठमाडौँको तीनकुनेमा केन्द्रीय कार्यालय रहेको रियल गोर्खा बचत तथा ऋण सहकारी संस्थाका अध्यक्ष हर्कबहादुर कठायत र सदस्य विनोद कुमार ओझा लाई निक्षेपकर्ता हिनामिना गरी पक्राउ परेका छन्। उनीहरूलाई ठगी गरेको आरोप लागेको छ र विशेषज्ञहरूले प्राप्त जानकारी अनुसार उनीहरूले सहकारीको रकम हिनामिना गरेका हुन्छ। उनीहरू प्रकाशित समाचारमा आफूहरूलाई निर्दोष बताएका छन् र सहकारीमा रुपान्तरण गरेको धनले विनाम्रताका साथ प्रतिबद्ध गरेका छन्। तथापि, प्रहरी बालुवाटारले उनीहरूलाई पक्राउ पराएको बताएको छ र जारी गरिएको विशेष प्रेस विज्ञप्तिमा सहकारीको निक्षेपकर्ताहरूले प्राप्त गरेको रकमले विनाम्रता नदेखाएको बताइएको छ। उनीहरूले संस्थाका सदस्यहरूलाई अधिक ब्याज दिने गरी प्रलोभन गरेको भनी प्रहरीले जनाएको हो। सहकारीको रकम हिनामिना गरेका हर्कबहादुर कठायत र विनोद कुमार ओझा फरार भएका छन् र प्रहरीले उनीहरूलाई बुधबार पक्राउ गरेको हो। उनीहरूले सहकारीको रकम भुक्तानी नगरेको आरोप लागेको छ।"
काठमाडौ । उच्च अदालतका नवनियुक्त ३९ जना न्यायाधीशहरुले पद तथा गोपनियताको सपथ लिएका छन् ।  सोमवार नवनियुक्त न्यायाधीशहरुले प्रधानन्यायाधीश विश्वम्भरप्रसाद श्रेष्ठको रोहवरमा उच्च अदालत पाटनका मुख्य न्यायाधीश नृपध्वज निरौलासमक्ष सपथ लिएका हुन् ।,उच्च अदालतका नवनियुक्त ३९ जना न्यायाधीशहरुले पद तथा गोपनियताको सपथ लिएका छन् |
"काठमाडौँ । नेपाली काँग्रेसका नेता कृष्णप्रसाद सिटौलाले राष्ट्रिय सभा उम्मेदवार छनोट प्रक्रियामा भएका कमजोरीलाई थाँती राखेर गठबन्धनका उम्मेदवार जिताउन लाग्नुपर्ने बताएका छन् । सोमबार राष्ट्रिय सभा चुनावका लागि कोशी प्रदेशमा मनोनयन दर्ता गर्दै सिटौलाले काँग्रेसले राष्ट्रिय सभा उम्मेदवार छनोट गरेको बारेमा आफूलाई पूरा जानकारी नरहेको र अब सबै एकजुट भएर गठबन्धन उम्मेदवार जिताउन लाग्नुपर्ने बताएका हुन् । उनले भने, ‘राति अबेर निर्णय भयो कसरी भयो थाहा छैन, मैले सही कुरा बुझ्न पाएको छैन । आजको दिनमा गठबन्धनबाट नेपाली का‌ंग्रेसहित गठबन्धनका साथीहरुले एकजुट भइ उम्मेदवारी दर्ता गराएका छौँ । हामी गठबन्धन एक भएर निर्वाचनमा लड्छौँ । उम्मेदवार छनोट गर्दा निर्णय प्रक्रियामा जे जति भएका छन्, त्यसलाई थाँती राखेर गठबन्धनका उम्मेदवार जिताउन लाग्नेछौँ ।’ सिटौलाको प्रस्तावका प्रदीप सुनुवार र समर्थकमा हिमाल कार्की छन् ।",नेपाली कांग्रेसका नेता कृष्णप्रसाद सिटौलाले गठबन्धनको उम्मेदवारीमा चुनौती देखाउने र नेपाली कांग्रेसको समर्थन प्राप्त गर्ने योजना बनाएका छन्।
काठमाडौँ । आरती साह संघर्ष समितिले मानव अधिकार आयोग अगाडि विरोध प्रदर्शन गरेको छ । आरती शाहका लागि न्याय माग्दै आयोग पुगेको समितिको ध्यानाकर्षण पत्र आयोगले लिन नमानेको भन्दै उनीहरूले प्रदर्शन गरेका हुन् । साहको न्यायको लागि लड्दै आएका आफन्तहरू आज २०७ दिन आइपुग्दा पनि न्याय पाउन सकेका छैनन् । साहका आफन्तसँगै समर्थनमा आएका प्रदर्शनकारीहरूले पत्र च्यातेर विरोध प्रदर्शन गरेका छन् । ललितपुरको पुलचोकस्थित आयोगको अगाडि केही बेर बसेर विरोध जनाएका थिए । धनुषाको मिथिला बिहारी नगरपालिका–३ मिथिलेश्वर मौवाही घर भई जनकपुरधाम–९ थापा चोकमा रहँदै आएकी २२ वर्षीय आरती साहको मृत्यु भएको थियो । उनको दाइजोका कारण हत्या गरिएको माइतीपक्षको आरोप छ ।  आरती साहको माइती पक्ष विगत केही दिन यता न्यायको माग गर्दै जनकपुरधाम र काठमाडौँ दुवै ठाउँमा विरोध प्रदर्शन गर्दै आइरहेका छन् ।,आरती साह संघर्ष समितिले मानव अधिकार आयोग अगाडि विरोध प्रदर्शन गरेको छ। उनीहरूले न्यायको माग गर्दै आयोग पुगेको बिरोध जनाएका छन्। आरती साह र उनको आफन्तसँगै समर्थनमा आएका प्रदर्शनकारीहरूले पत्र च्यातेर विरोध प्रदर्शन गरेका छन्।
"काठमाडौँको नयाँ बानेश्वरमा प्रदर्शन गरिरहेका सशस्त्र द्वन्द्वपीडितको एक समूहलाई प्रहरीले मङ्गलबार नियन्त्रणमा लिएको छ ।  संक्रमणकालीन न्याय विधेयकलाई संशोधन गर्न प्रस्तावित विधेयक न्याय, क्षतिपूर्ति र मेलमिलापका विषयमा आफूहरुको चासोलाई सम्बोधन गर्न अपुग भएको भन्दै पीडित र पीडित परिवारले प्रदर्शन गरेका थिए ।  सरकारले रोकिएको शान्ति प्रक्रियालाई निष्कर्षमा पु¥याउन हालै ऐन संशोधन गर्न विधेयक दर्ता गरे पनि प्रमुख राजनीतिक दलबीच सहमति हुन नसक्दा काम अघि बढ्न सकेको छैन । पछिल्लो समय सत्ता पक्ष र प्रतिपक्षबीच सहमतिका लागि नियमित बैठक भइरहेको छ।","संक्रमणकालीन न्याय विधेयकलाई संशोधन गर्न प्रस्तावित विधेयक न्याय, क्षतिपूर्ति र मेलमिलापका विषयमा आफूहरुको चासो सम्बोधन गर्न अपुग भएको भन्दै नयाँ बानेश्वरमा प्रदर्शन गरिरहेका सशस्त्र द्वन्द्वपीडितको एक समूहलाई प्रहरीले नियन्त्रणमा लिएको छ । सरकारले ऐन संशोधन का लागि विधेयक दर्ता गरे पनि प्रमुख राजनीतिक दलबीच सहमति हुन नसक्दा अघि बढ्न सकेको छैन ।"
भारतीय सत्तारुढ भारतीय जनता पार्टीका विदेश विभाग प्रमुख विजय चौथाइवाले फेरि एकपटक नेपाल भ्रमणमा छन् । प्रधानमन्त्री पुष्पकमल दाहाल 'प्रचण्ड'को आगामी महिना हुने नयाँ दिल्ली भ्रमणका लागि यो भ्रमणको उद्देश्य रहेको बताइएको छ । चौथाइवाले आइतबार साँझ स्थलमार्ग हुँदै नेपाल प्रवेश गरेका हुन् । काठमाडौँ प्रस्थान गर्नुअघि उनले आज सुदूरपश्चिमको धनगढीमा एक कार्यक्रमलाई सम्बोधन गर्ने कार्यक्रम छ । काठमाडौँ आइपुगेलगत्तै उनले प्रधानमन्त्री दाहाल र नवनियुक्त परराष्ट्रमन्त्री नारायणप्रकाश साउदसँग भेटवार्ता गर्नेकार्यक्रम छ । पछिल्लो समय चौथाइवाले भारतको सत्तारुढ दलको प्रतिनिधिका रुपमा नेपाली राजनीतिज्ञसँग निरन्तर सम्पर्कमा रहँदै आएका छन् ।,प्रधानमन्त्री पुष्पकमल दाहाल 'प्रचण्ड'को आगामी महिना हुने नयाँ दिल्ली भ्रमणको तयारीका लागि भारतीय जनता पार्टीका विदेश विभाग प्रमुख विजय चौथाइवाले नेपाल आएका छन् । प्रधानमन्त्री दाहाल र नवनियुक्त परराष्ट्रमन्त्री नारायणप्रकाश साउदसँग भेटवार्ता गर्नुअघि चौथाइवालेले धनगढीमा एक कार्यक्रमलाई सम्बोधन गर्ने कार्यक्रम छ ।
"'काठमाडौं, वैशाख १३ : काठमाडौं महानगरपालिकाका मेयर बालेन शाह संघीय सरकारसँगको लडाइँलाई निरन्तरता दिन अड्डी कसेका देखिन्छन्। प्रधानमन्त्री कार्यालयलगायत संघीय सरकारका अधिकांश मन्त्रालय रहेको सिंहदरबारबाट फोहर संकलन नगर्न निर्देशन दिएको केही दिनपछि बिहीबार उनले स्थानीय सरकारलाई सहयोग गर्न नचाहेमा आफ्नो स्थान सार्न संघीय सरकारलाई चुनौती दिन फेसबुकको सहारा लिएका हुन् । 'कि त काठमाडौंको हितका लागि काम गर्नुहोस् वा सिंहदरवार अन्यत्र सार्नुहोस्,' उनले लेखेका छन्, 'राजधानी सार्दा पनि काठमाडौंवासीले तपाईंको निर्णयमा आपत्ति जनाउँदैनन् । 'हामीलाई राजनीतिभन्दा पनि हाम्रो सम्पदा, संस्कृति, कला र सभ्यताको खाँचो छ। बालेन शाहको पछिल्लो कदम प्रतिशोधको कार्य भएको बताइएको छ किनभने उनले शहरको सार्वजनिक जग्गाबाट भूमिहीन सुकुम्वासीहरूलाई हटाउन संघीय सरकारबाट सहयोग पाइरहेका छैनन्।","काठमाडौं महानगरपालिकाका प्रमुख बालेन शाहले संघीय मन्त्रालय रहेको सिंहदरबारबाट फोहर संकलन रोक्न संघीय सरकारले गरेको आग्रहको विरोध गरेका छन् । उनले संघीय सरकारले स्थानीय सरकारलाई सहयोग नगरे आफ्नो स्थान सार्न चुनौती दिएका छन् । शाहको तर्क छ, 'काठमाडौंवासीलाई यो निर्णयमा आपत्ति छैन र उनीहरूलाई राजनीतिभन्दा पनि आफ्नो सम्पदा, संस्कृति, कला र सभ्यताको खाँचो छ । उनको पछिल्लो कदमलाई भूमिहीन सुकुम्वासीलाई बेदखल गर्न संघीय सहयोग नपाएको बदलाको रुपमा हेरिएको छ ।"
राष्ट्रिय स्वतन्त्र पार्टीले आफ्ना सांसद ढाकाकुमार श्रेष्ठलाई पार्टीबाट निष्कासन गरेको छ ।  बुधबार बसेको केन्द्रीय समितिको बैठकले सो निर्णय गरेको बैठकपछि पार्टी सभापति रवि लामिछानेले जानकारी दिए । लामिछानेका अनुसार श्रेष्ठले उक्त निर्णयपुनरावलोकनको माग गर्दै पार्टीमा निवेदन दिन सक्नेछन् । पार्टी सदस्यताबाट हटाइएसँगै श्रेष्ठले समानुपातिक निर्वाचन प्रणालीअन्तर्गत निर्वाचित प्रतिनिधि सभाको सदस्यता समेत गुमाउने भएका छन् । बैठकले विन्दवासिनी कंसाकारलाई रिक्त पदमा पठाउने निर्णय पनि गरेको छ ।  कंसाकार एसिड आक्रमणबाट बचेका व्यक्ति हुन् । विवादास्पद व्यवसायी दुर्गा प्रसाईंले आफूलाई चाँडै नै स्वास्थ्यमन्त्री मानिने भन्दै दुई करोड रुपैयाँ मागेको अडियो टेप सार्वजनिक भएपछि श्रेष्ठ विवादमा तानिएका थिए । श्रेष्ठले सुरुमा उक्त अडियो आफ्नो भएको दाबी गरे पनि पछि भने अडियो लिक भएको बताएका थिए ।,राष्ट्रिय स्वतन्त्र पार्टीको केन्द्रीय समितिको बैठकले सांसद ढाकाकुमार श्रेष्ठलाई पार्टीबाट निष्कासन गरेको छ । श्रेष्ठले उक्त निर्णयपुनरावलोकनका लागि पार्टीमा निवेदन दिन सक्नेछन् । उनले प्रतिनिधि सभाको सदस्यता पनि गुमाउनेछन् । कंसाकार एसिड आक्रमणबाट पीडित भएकाले पार्टीले विन्दवासिनी कंसाकारलाई पनि रिक्त पदमा नियुक्त गरेको छ । गत माघमा व्यवसायी दुर्गा प्रसाईंसँग आफूलाई स्वास्थ्यमन्त्री बनाउने भन्दै दुई करोड रुपैयाँ मागेको अडियो टेप सार्वजनिक भएपछि श्रेष्ठ विवादमा तानिएका थिए । श्रेष्ठले उक्त निर्णयविरुद्ध अदालतमा मुद्दा दायर गर्ने तयारी गरेका छन् । सन् २०२३ जनवरी १७ मा पार्टीको मन्त्रिमण्डल विस्तार हुनुअघि यो कुराकानी भएको थियो ।
"काठमाडौं महानगरपालिकाका प्रमुख बालेन शाहले सिंहदरबारभित्रको फोहर संकलन रोक्न निर्देशन दिएका छन् ।  शनिबार उनले आफ्नो फेसबुक पेजमा लेखेका छन्, 'प्रधानमन्त्री कार्यालय र अधिकांश मन्त्रालय रहेको केन्द्रीय प्रशासनिक परिसरबाट फोहोर संकलन गर्न नगरका अधिकारीहरुले बन्द गर्नेछन् ।  सोही आधारमा आज शहरका कर्मचारीले फोहर संकलन गर्न छाडेका छन् ।  दैनिक पाँच टन फोहर उत्पादन हुने सिंहदरवारभित्र फोहर संकलनको काम रोकिएको परिवर्तन सेवा प्रालिका सञ्चालक मित्रप्रसाद घिमिरेले बताए ।   नगरप्रमुख साहले नगरभित्रका सार्वजनिक जग्गाबाट भूमिहीन सुकुम्वासी हटाउन संघीय सरकारबाट सहयोग नपाएकाले प्रतिशोधको कार्य भएको बताइएको छ ।","काठमाडौं महानगरपालिकाका मेयर बलेन शाहले सिंहदरबारमा फोहोर सङ्कलन बन्द गर्न निर्देशन दिएका छन् । यो निर्णय उनको फेसबुक पेजमा गरिएको थियो, र शहर कर्मचारीहरूले फोहोर संकलन गर्न बन्द गरेका छन्। दैनिक पाँच टन फोहोर उत्पादन हुने सिंहदरबारभित्र फोहोर सङ्कलन रोकिएको परिवर्तन सेवा प्रालिका सञ्चालक मित्रप्रसाद घिमिरे बताउँछन् । यस निर्णयलाई सहरका भूमिहीन सुकुम्बासीहरू विरुद्ध बदला लिने कार्यका रूपमा हेरिएको छ।"
"महान्यायाधिवक्ता दीनमणि पोखरेलले राहदानी दुरुपयोग गरेको अभियोगमा राष्ट्रिय स्वतन्त्र पार्टीका अध्यक्ष रवि लामिछानेविरुद्ध मुद्दा नचलाउने आफ्नो निर्णय कुनै राजनीतिक दबाबका कारण नभएको बताएका छन् ।  शुक्रबार आफ्नै कार्यकक्षमा आयोजित एक कार्यक्रममा बोल्दै पोखरेलले उक्त निर्णय पूर्णरुपमा विधिसम्मत भएको बताए । प्रधानमन्त्री पुष्पकमल दाहाल 'प्रचण्ड'लाई दिने राजपाको निर्णयको पूर्वसन्ध्यामा लामिछानेलाई मुद्दा नचलाउने निर्णय भएको हुनाले सत्तारुढ गठबन्धनले लामिछानेलाई छुटाउन महान्यायाधिवक्तालाई दबाब दिएको र आफ्नो पार्टीले विश्वासको मत दिने बताइएको छ । तर पोखरेलले भने, 'विधिसम्मत तरिकाले अनुसन्धान सम्पन्न भयो । त्यहाँ कुनै राजनीतिक बार्गेनिङ वा दबाब थिएन। उनले प्रहरीले उनलाई मुद्दा नचलाउने निर्णय गरेको र उनको कार्यालयले त्यसलाई समर्थन गरेको बताए ।",महान्यायाधिवक्ता दिनमणि पोखरेलले राहदानी दुरुपयोग गरेको आरोपमा राष्ट्रिय स्वतन्त्र पार्टीका अध्यक्ष रवि लामिछानेलाई मुद्दा नचलाउन राजनीतिक दबाब नदिएको बताएका छन् । प्रधानमन्त्री पुष्पकमल दाहाल 'प्रचण्ड'ले दाहाललाई विश्वासको मत दिने निर्णय गरेको पूर्वसन्ध्यामा सो निर्णय भएको हो । पोखरेलले विधिसम्मत ढङ्गले अनुसन्धान भएको र कुनै राजनीतिक बार्गेनिङ वा दबाब नभएको स्पष्ट पारे । प्रहरीले लामिछानेलाई मुद्दा नचलाउने निर्णय ग¥यो र उनको कार्यालयले उक्त निर्णयलाई अनुमोदन ग¥यो ।
